,사망자수,확진자수,게시글번호,등록일,기준일,기준시간,수정일,일일 사망자수,일일 확진자수
0,25499,21111840,972,2022-08-12 08:40:20.037,20220812,00:00,2022-08-12 08:42:04.502,58,128714
1,25441,20983126,971,2022-08-11 09:10:29.411,20220811,00:00,2022-08-12 08:42:19.947,59,137241
2,25382,20845885,970,2022-08-10 09:21:32.068,20220810,00:00,2022-08-12 08:42:34.587,50,151766
3,25332,20694119,969,2022-08-09 09:06:13.288,20220809,00:00,2022-08-12 08:42:50.769,40,149871
4,25292,20544248,968,2022-08-08 09:03:33.354,20220808,00:00,2022-08-12 08:43:14.904,29,55264
5,25263,20488984,967,2022-08-07 09:06:42.352,20220807,00:00,2022-08-12 08:43:24.378,27,105470
6,25236,20383514,966,2022-08-06 09:05:09.8,20220806,00:00,2022-08-12 08:43:33.786,45,110632
7,25191,20272882,965,2022-08-05 08:19:11.853,20220805,00:00,2022-08-12 08:43:45.493,47,112855
8,25144,20160027,964,2022-08-04 08:58:06.376,20220804,00:00,2022-08-11 09:12:26.753,34,107854
9,25110,20052173,963,2022-08-03 09:01:06.599,20220803,00:00,2022-08-10 09:23:37.356,26,119882
10,25084,19932291,962,2022-08-02 09:02:53.088,20220802,00:00,2022-08-09 09:07:40.6,16,111753
11,25068,19820538,961,2022-08-01 09:00:03.794,20220801,00:00,2022-08-06 09:45:17.021,21,44654
12,25047,19775884,960,2022-07-31 08:57:39.943,20220731,00:00,2022-08-06 09:45:26.806,20,73559
13,25027,19702325,959,2022-07-30 07:41:25.208,20220730,00:00,2022-08-06 09:45:43.135,35,81971
14,24992,19620354,958,2022-07-29 08:58:16.878,20220729,00:00,2022-08-05 08:21:01.759,35,85289
15,24957,19535065,957,2022-07-28 08:47:13.153,20220728,00:00,2022-08-04 08:59:43.278,25,88348
16,24932,19446717,956,2022-07-27 09:12:50.426,20220727,00:00,2022-08-03 09:02:38.724,25,100240
17,24907,19346477,955,2022-07-26 09:02:45.366,20220726,00:00,2022-08-02 09:06:38.063,17,99216
18,24890,19247261,954,2022-07-25 09:13:10.075,20220725,00:00,2022-07-30 07:44:13.924,17,35860
19,24873,19211401,953,2022-07-24 09:07:36.857,20220724,00:00,2022-07-30 07:44:26.434,18,65373
20,24855,19146028,952,2022-07-23 09:11:03.219,20220723,00:00,2022-07-30 07:44:38.478,30,68508
21,24825,19077520,951,2022-07-22 09:02:15.612,20220722,00:00,2022-07-29 09:00:47.547,31,68594
22,24794,19008926,950,2022-07-21 08:58:37.815,20220721,00:00,2022-07-28 08:49:09.285,17,71131
23,24777,18937795,949,2022-07-20 09:10:31.651,20220720,00:00,2022-07-27 09:15:29.94,12,76345
24,24765,18861450,948,2022-07-19 09:08:28.209,20220719,00:00,2022-07-26 09:05:21.963,12,73542
25,24753,18787908,947,2022-07-18 09:14:24.008,20220718,00:00,2022-07-25 09:54:11.97,11,26779
26,24742,18761129,946,2022-07-17 09:20:40.164,20220717,00:00,2022-07-24 09:09:22.617,14,39826
27,24728,18721303,945,2022-07-16 09:24:11.751,20220716,00:00,2022-07-22 09:05:36.526,16,41303
28,24712,18680000,944,2022-07-15 09:05:32.847,20220715,00:00,2022-07-22 09:05:48.015,16,38842
29,24696,18641158,943,2022-07-14 09:13:54.461,20220714,00:00,2022-07-21 09:01:56.917,16,39144
30,24680,18602014,942,2022-07-13 09:05:07.805,20220713,00:00,2022-07-20 09:16:24.431,12,40248
31,24668,18561766,941,2022-07-12 04:00:24.857,20220712,00:00,2022-07-19 09:11:29.67,7,37331
32,24661,18524435,940,2022-07-11 06:10:35.034,20220711,00:00,2022-07-16 09:29:11.856,18,12681
33,24643,18511754,939,2022-07-10 09:20:10.072,20220710,00:00,2022-07-16 09:29:23.921,19,20397
34,24624,18491357,938,2022-07-09 09:17:26.072,20220709,00:00,2022-07-16 09:29:41.673,19,20260
35,24605,18471097,937,2022-07-08 06:22:27.014,20220708,00:00,2022-07-15 09:07:34.94,12,19298
36,24593,18451799,935,2022-07-07 06:13:49.365,20220707,00:00,2022-07-14 09:15:50.75,10,18498
37,24583,18433301,934,2022-07-06 09:09:17.419,20220706,00:00,2022-07-13 09:07:31.314,7,19359
38,24576,18413942,933,2022-07-05 08:52:18.803,20220705,00:00,2022-07-12 04:02:48.16,2,18120
39,24574,18395822,932,2022-07-04 09:15:45.01,20220704,00:00,2022-07-09 09:19:58.582,4,6249
40,24570,18389573,931,2022-07-03 08:56:14.994,20220703,00:00,2022-07-09 09:20:17.436,8,10048
41,24562,18379525,930,2022-07-02 10:00:18.979,20220702,00:00,2022-07-09 09:20:48.942,7,10701
42,24555,18368824,929,2022-07-01 08:48:46.102,20220701,00:00,2022-07-08 06:25:00.664,8,9517
43,24547,18359307,928,2022-06-30 09:01:12.891,20220630,00:00,2022-07-06 09:10:41.785,10,9591
44,24537,18349716,927,2022-06-29 09:12:36.532,20220629,00:00,2022-07-06 09:10:52.644,7,10454
45,24530,18339262,926,2022-06-28 08:52:34.91,20220628,00:00,2022-07-05 08:54:46.199,5,9893
46,24525,18329369,924,2022-06-27 09:11:58.767,20220627,00:00,2022-07-02 10:18:29.922,3,3423
47,24522,18325946,923,2022-06-26 09:27:03.341,20220626,00:00,2022-07-02 10:18:38.835,6,6238
48,24516,18319708,922,2022-06-25 09:32:40.202,20220625,00:00,2022-07-02 10:18:52.353,18,6773
49,24498,18312935,921,2022-06-24 09:05:53.514,20220624,00:00,2022-07-01 08:51:11.431,10,7216
50,24488,18305719,920,2022-06-23 09:06:53.994,20220623,00:00,2022-06-30 09:22:21.131,14,7488
51,24474,18298231,918,2022-06-22 09:03:09.997,20220622,00:00,2022-06-29 09:15:37.235,11,8966
52,24463,18289265,917,2022-06-21 09:06:00.682,20220621,00:00,2022-06-28 08:55:34.522,12,9289
53,24451,18279976,916,2022-06-20 09:06:19.000,20220620,00:00,2022-06-25 09:39:16.000,10,3533
54,24441,18276443,915,2022-06-19 07:40:29.295,20220619,00:00,2022-06-25 09:39:34.745,14,6066
55,24427,18270377,914,2022-06-18 08:16:08.19,20220618,00:00,2022-06-25 09:40:10.823,11,6821
56,24416,18263556,913,2022-06-17 09:03:13.419,20220617,00:00,2022-06-24 09:08:22.102,9,7192
57,24407,18256364,912,2022-06-16 08:59:50.365,20220616,00:00,2022-06-23 09:10:42.916,8,7942
58,24399,18248422,911,2022-06-15 09:10:38.777,20220615,00:00,2022-06-22 09:07:36.257,9,9414
59,24390,18239008,910,2022-06-14 09:08:41.615,20220614,00:00,2022-06-21 09:09:24.837,2,9762
60,24388,18229246,909,2022-06-13 09:15:46.696,20220613,00:00,2022-06-18 08:17:45.675,17,3823
61,24371,18225423,908,2022-06-12 09:15:29.957,20220612,00:00,2022-06-18 08:17:58.713,20,7377
62,24351,18218046,907,2022-06-11 09:17:30.488,20220611,00:00,2022-06-18 08:18:11.043,28,17744
63,24323,18200302,905,2022-06-09 09:07:31.452,20220609,00:00,2022-06-16 09:03:46.013,18,12149
64,24305,18188153,904,2022-06-08 09:09:05.982,20220608,00:00,2022-06-15 09:13:12.338,6,13349
65,24299,18174804,903,2022-06-07 09:09:00.897,20220607,00:00,2022-06-14 09:10:37.039,20,6167
66,24279,18168637,902,2022-06-06 09:00:06.734,20220606,00:00,2022-06-11 09:19:14.658,21,5022
67,24258,18163615,901,2022-06-05 08:53:19.426,20220605,00:00,2022-06-11 09:19:31.13,20,9832
68,24238,18153783,900,2022-06-04 08:56:49.219,20220604,00:00,2022-06-11 09:19:47.048,9,12029
69,24229,18141754,899,2022-06-03 09:08:18.729,20220603,00:00,2022-06-10 09:23:55.524,17,12530
70,24212,18129224,898,2022-06-02 08:58:19.746,20220602,00:00,2022-06-09 09:08:32.536,15,9879
71,24197,18119345,897,2022-06-01 09:07:30.461,20220601,00:00,2022-06-08 09:12:05.316,21,15768
72,24176,18103577,896,2022-05-31 08:55:39.977,20220531,00:00,2022-06-04 08:59:23.637,9,17185
73,24167,18086392,895,2022-05-30 09:01:30.847,20220530,00:00,2022-06-04 08:59:37.203,9,6135
74,24158,18080257,894,2022-05-29 09:05:28.382,20220529,00:00,2022-06-04 08:59:51.863,19,12647
75,24139,18067610,893,2022-05-28 09:09:18.909,20220528,00:00,2022-06-04 09:00:06.316,36,14374
76,24103,18053236,892,2022-05-27 09:03:34.444,20220527,00:00,2022-06-03 09:11:10.578,40,16572
77,24063,18036664,891,2022-05-26 09:13:37.732,20220526,00:00,2022-06-01 09:08:19.164,34,18805
78,24029,18017859,890,2022-05-25 09:02:44.294,20220525,00:00,2022-06-01 09:08:25.254,23,23936
79,24006,17993923,889,2022-05-24 08:49:38.261,20220524,00:00,2022-05-31 08:58:44.451,19,26331
80,23987,17967592,888,2022-05-23 08:56:56.412,20220523,00:00,2022-05-28 09:10:13.674,22,9971
81,23965,17957621,887,2022-05-22 07:52:40.527,20220522,00:00,2022-05-28 09:10:20.33,54,19289
82,23911,17938332,886,2022-05-21 08:39:51.786,20220521,00:00,2022-05-28 09:10:27.211,26,23450
83,23885,17914882,885,2022-05-20 09:02:54.987,20220520,00:00,2022-05-27 09:04:41.621,43,25113
84,23842,17889769,884,2022-05-19 09:07:11.841,20220519,00:00,2022-05-26 09:16:54.036,40,28109
85,23802,17861660,883,2022-05-18 08:58:30.377,20220518,00:00,2022-05-25 09:05:49.683,31,31333
86,23771,17830327,882,2022-05-17 09:04:52.287,20220517,00:00,2022-05-24 09:18:48.656,27,35085
87,23744,17795242,881,2022-05-16 09:04:43.174,20220516,00:00,2022-05-21 08:47:40.875,35,13290
88,23709,17781952,880,2022-05-15 09:27:15.538,20220515,00:00,2022-05-21 08:47:54.484,48,25425
89,23661,17756527,879,2022-05-14 09:46:39.377,20220514,00:00,2022-05-21 08:48:13.125,55,29572
90,23606,17726955,878,2022-05-13 09:09:51.89,20220513,00:00,2022-05-20 09:06:42.817,52,32435
91,23554,17694520,877,2022-05-12 09:05:26.458,20220512,00:00,2022-05-19 17:37:18.336,63,35882
92,23491,17658638,876,2022-05-11 09:01:52.873,20220511,00:00,2022-05-19 17:38:10.681,29,43881
93,23462,17614757,875,2022-05-10 09:02:38.129,20220510,00:00,2022-05-17 09:06:40.689,62,49896
94,23400,17564861,874,2022-05-09 09:06:19.774,20220509,00:00,2022-05-14 10:34:58.518,40,20588
95,23360,17544273,873,2022-05-08 09:02:00.163,20220508,00:00,2022-05-14 10:35:16.208,71,40048
96,23289,17504225,872,2022-05-07 09:18:40.439,20220507,00:00,2022-05-14 10:35:34.039,83,39563
97,23206,17464662,871,2022-05-06 08:06:00.523,20220506,00:00,2022-05-13 09:11:27.572,48,26678
98,23158,17437984,870,2022-05-05 09:23:43.381,20220505,00:00,2022-05-12 09:06:57.564,79,42279
99,23079,17395705,869,2022-05-04 09:11:34.915,20220504,00:00,2022-05-11 09:03:27.014,72,49046
100,23007,17346659,868,2022-05-03 09:08:23.319,20220503,00:00,2022-05-10 10:09:55.309,49,51106
101,22958,17295553,867,2022-05-02 09:01:12.093,20220502,00:00,2022-05-07 09:20:27.275,83,20076
102,22875,17275477,866,2022-05-01 09:15:03.496,20220501,00:00,2022-05-07 09:20:49.891,81,37760
103,22794,17237717,865,2022-04-30 09:17:39.409,20220430,00:00,2022-05-07 09:21:13.949,70,43244
104,22724,17194473,864,2022-04-29 09:03:59.658,20220429,00:00,2022-05-05 09:26:15.183,136,50556
105,22588,17143917,863,2022-04-28 09:02:00.054,20220428,00:00,2022-05-05 09:26:29.55,122,57446
106,22466,17086471,862,2022-04-27 09:01:55.815,20220427,00:00,2022-05-04 09:13:13.366,141,76764
107,22325,17009707,861,2022-04-26 09:02:16.27,20220426,00:00,2022-05-03 09:11:15.127,82,80267
108,22243,16929440,860,2022-04-25 09:02:21.688,20220425,00:00,2022-04-30 09:23:49.525,110,34361
109,22133,16895079,859,2022-04-24 08:36:32.893,20220424,00:00,2022-04-30 09:25:01.983,109,64704
110,22024,16830375,858,2022-04-23 08:54:03.35,20220423,00:00,2022-04-30 09:24:15.874,151,75423
111,21873,16754952,857,2022-04-22 09:08:41.733,20220422,00:00,2022-04-29 09:05:42.917,206,81033
112,21667,16673919,856,2022-04-21 09:05:31.131,20220421,00:00,2022-04-28 09:04:37.11,147,90843
113,21520,16583076,855,2022-04-20 09:05:36.813,20220420,00:00,2022-04-27 09:03:39.849,166,111289
114,21354,16471787,854,2022-04-19 09:05:13.63,20220419,00:00,2022-04-26 09:12:56.04,130,118462
115,21224,16353325,853,2022-04-18 09:00:48.728,20220418,00:00,2022-04-23 09:58:10.581,132,47730
116,21092,16305595,852,2022-04-17 09:22:50.974,20220417,00:00,2022-04-23 09:58:26.82,203,92978
117,20889,16212617,851,2022-04-16 09:24:06.211,20220416,00:00,2022-04-23 09:58:40.198,273,107882
118,20616,16104735,850,2022-04-15 09:00:09.721,20220415,00:00,2022-04-22 09:10:59.181,264,125800
119,20352,15978935,849,2022-04-14 09:08:23.122,20220414,00:00,2022-04-21 09:13:41.99,318,148409
120,20034,15830526,848,2022-04-13 09:07:39.457,20220413,00:00,2022-04-20 09:08:04.743,184,195382
121,19850,15635144,847,2022-04-12 09:07:12.559,20220412,00:00,2022-04-19 09:07:50.743,171,210715
122,19679,15424429,846,2022-04-11 09:07:55.866,20220411,00:00,2022-04-16 09:25:56.127,258,90917
123,19421,15333512,845,2022-04-10 08:56:28.573,20220410,00:00,2022-04-16 09:26:12.275,329,164456
124,19092,15169056,844,2022-04-09 09:00:27.673,20220409,00:00,2022-04-16 09:26:26.083,338,185525
125,18754,14983531,843,2022-04-08 09:06:47.712,20220408,00:00,2022-04-15 09:02:28.696,373,205299
126,18381,14778232,842,2022-04-07 09:05:52.46,20220407,00:00,2022-04-14 09:10:37.437,348,224784
127,18033,14553448,841,2022-04-06 09:07:21.018,20220406,00:00,2022-04-13 09:10:16.582,371,286247
128,17662,14267201,840,2022-04-05 09:05:37.473,20220405,00:00,2022-04-12 09:10:13.425,209,266085
129,17453,14001116,839,2022-04-04 09:03:19.219,20220404,00:00,2022-04-09 09:23:05.652,218,127163
130,17235,13873953,837,2022-04-03 09:11:21.229,20220403,00:00,2022-04-09 09:23:35.402,306,234265
131,16929,13639688,836,2022-04-02 09:27:09.919,20220402,00:00,2022-04-09 09:24:07.877,339,264120
132,16590,13375568,835,2022-04-01 09:04:54.638,20220401,00:00,2022-04-08 09:09:14.895,360,280231
133,16230,13095337,834,2022-03-31 09:00:17.446,20220331,00:00,2022-04-07 09:08:39.321,375,320683
134,15855,12774654,833,2022-03-30 09:07:48.451,20220330,00:00,2022-04-06 13:45:06.86,432,424466
135,15423,12350188,832,2022-03-29 09:10:15.043,20220329,00:00,2022-04-01 09:06:30.566,237,347500
136,15186,12002688,831,2022-03-28 09:06:58.274,20220328,00:00,2022-04-01 09:06:45.033,287,187182
137,14899,11815506,830,2022-03-27 08:52:08.378,20220327,00:00,2022-04-01 09:07:01.085,282,318075
138,14617,11497431,829,2022-03-26 08:53:27.922,20220326,00:00,2022-04-01 09:07:16.344,323,335541
139,14294,11161890,828,2022-03-25 09:00:20.4,20220325,00:00,2022-04-01 09:07:43.379,393,339451
140,13901,10822439,827,2022-03-24 09:03:23.4,20220324,00:00,2022-03-31 09:07:42.756,469,395526
141,13432,10426913,826,2022-03-23 09:18:19.212,20220323,00:00,2022-03-30 09:09:59.926,291,490771
142,13141,9936142,825,2022-03-22 08:56:35.519,20220322,00:00,2022-03-29 09:12:46.454,384,353828
143,12757,9582314,824,2022-03-21 09:10:38.912,20220321,00:00,2022-03-25 09:07:01.306,329,209139
144,12428,9373175,823,2022-03-20 09:22:09.424,20220320,00:00,2022-03-25 09:07:29.159,327,334653
145,12101,9038522,822,2022-03-19 09:20:10.848,20220319,00:00,2022-03-25 09:07:49.638,319,381413
146,11782,8657109,821,2022-03-18 09:06:55.679,20220318,00:00,2022-03-25 09:08:11.617,301,406839
147,11481,8250270,820,2022-03-17 09:28:28.783,20220317,00:00,2022-03-24 09:06:26.685,429,621204
148,11052,7629066,819,2022-03-16 09:07:33.011,20220316,00:00,2022-03-23 09:20:49.513,164,400593
149,10888,7228473,818,2022-03-15 09:08:41.063,20220315,00:00,2022-03-22 09:00:06.26,293,362283
150,10595,6866190,817,2022-03-14 09:01:32.362,20220314,00:00,2022-03-19 09:47:04.422,200,309779
151,10395,6556411,816,2022-03-13 09:13:37.486,20220313,00:00,2022-03-19 09:47:34.07,251,350182
152,10144,6206229,815,2022-03-12 08:53:24.338,20220312,00:00,2022-03-19 09:47:59.929,269,383617
153,9875,5822612,814,2022-03-11 08:56:23.53,20220311,00:00,2022-03-19 09:48:19.456,229,282973
154,9646,5539639,813,2022-03-10 09:07:48.264,20220310,00:00,2022-03-11 08:57:08.866,206,327538
155,9440,5212101,812,2022-03-09 08:57:50.503,20220309,00:00,2022-03-10 09:08:10.52,158,342429
156,9282,4869672,811,2022-03-08 08:58:30.75,20220308,00:00,2022-03-09 08:58:41.872,186,202702
157,9096,4666970,810,2022-03-07 09:06:07.52,20220307,00:00,2022-03-08 08:58:58.236,139,210709
158,8957,4456261,809,2022-03-06 09:40:46.49,20220306,00:00,2022-03-07 09:06:48.272,161,243625
159,8796,4212636,808,2022-03-05 09:41:58.429,20220305,00:00,2022-03-06 09:41:13.104,216,254327
160,8580,3958309,807,2022-03-04 08:59:56.036,20220304,00:00,2022-03-06 09:41:30.29,186,266850
161,8394,3691459,806,2022-03-03 09:08:34.548,20220303,00:00,2022-03-06 09:41:48.252,128,198800
162,8266,3492659,805,2022-03-02 09:05:42.681,20220302,00:00,2022-03-06 09:42:03.65,96,219228
163,8170,3273431,804,2022-03-01 09:12:42.55,20220301,00:00,2022-03-06 09:42:18.383,112,138990
164,8058,3134441,803,2022-02-28 08:56:05.34,20220228,00:00,2022-03-06 09:42:40.367,114,139624
165,7944,2994817,802,2022-02-27 08:54:59.059,20220227,00:00,2022-03-06 09:43:04.008,49,163561
166,7895,2831256,801,2022-02-26 09:10:30.918,20220226,00:00,2022-03-06 09:45:32.611,112,166182
167,7783,2665074,800,2022-02-25 09:19:35.533,20220225,00:00,2022-02-26 09:11:20.409,94,165887
168,7689,2499187,799,2022-02-24 09:45:42.528,20220224,00:00,2022-02-25 09:19:57.585,82,170015
169,7607,2329172,798,2022-02-23 09:12:48.876,20220223,00:00,2022-02-24 09:46:50.038,99,171442
170,7508,2157730,797,2022-02-22 09:06:38.772,20220222,00:00,2022-02-23 09:13:50.655,58,99569
171,7450,2058161,796,2022-02-21 09:05:08.307,20220221,00:00,2022-02-22 09:07:07.41,45,95339
172,7405,1962822,795,2022-02-20 08:51:11.122,20220220,00:00,2022-02-21 09:05:38.992,51,104814
173,7354,1858008,794,2022-02-19 09:00:04.109,20220219,00:00,2022-02-20 08:52:45.133,71,102210
174,7283,1755798,793,2022-02-18 09:04:59.618,20220218,00:00,2022-02-19 09:00:52.083,45,109823
175,7238,1645975,792,2022-02-17 08:52:05.139,20220217,00:00,2022-02-18 09:05:35.842,36,93132
176,7202,1552843,791,2022-02-16 09:20:27.8,20220216,00:00,2022-02-17 08:52:33.561,39,90435
177,7163,1462408,790,2022-02-15 09:01:44.846,20220215,00:00,2022-02-16 09:20:55.138,61,57164
178,7102,1405244,789,2022-02-14 09:01:51.395,20220214,00:00,2022-02-15 09:02:24.905,21,54617
179,7081,1350627,788,2022-02-13 08:50:26.798,20220213,00:00,2022-02-14 09:03:09.631,36,56428
180,7045,1294199,787,2022-02-12 09:06:44.105,20220212,00:00,2022-02-13 08:50:59.578,33,54935
181,7012,1239264,786,2022-02-11 08:37:42.029,20220211,00:00,2022-02-12 22:25:54.07,49,53903
182,6963,1185361,785,2022-02-10 09:04:23.377,20220210,00:00,2022-02-10 09:06:18.131,20,54122
183,6943,1131239,784,2022-02-09 10:37:00.08,20220209,00:00,2022-02-09 13:05:32.357,21,49567
184,6922,1081672,783,2022-02-08 10:14:19.994,20220208,00:00,2022-02-09 13:05:22.271,36,36717
185,6886,1044955,782,2022-02-07 09:01:20.8,20220207,00:00,2022-02-09 13:05:11.818,13,35283
186,6873,1009672,781,2022-02-06 09:21:40.142,20220206,00:00,2022-02-09 13:05:01.221,15,38689
187,6858,970983,780,2022-02-05 10:25:08.782,20220205,00:00,2022-02-09 13:04:52.382,22,36345
188,6836,934638,779,2022-02-04 08:58:40.476,20220204,00:00,2022-02-09 13:04:42.741,24,27438
189,6812,907200,778,2022-02-03 08:46:14.856,20220203,00:00,2022-02-09 13:04:29.013,25,22906
190,6787,884294,777,2022-02-02 09:04:49.92,20220202,00:00,2022-02-09 13:04:21.424,15,20268
191,6772,864026,776,2022-02-01 09:06:24.411,20220201,00:00,2022-02-07 09:06:04.861,17,18338
192,6755,845688,775,2022-01-31 09:22:37.347,20220131,00:00,2022-02-07 09:05:54.937,23,17077
193,6732,828611,774,2022-01-30 09:13:00.269,20220130,00:00,2022-02-04 08:59:02.84,20,17522
194,6712,811089,773,2022-01-29 08:46:05.752,20220129,00:00,2022-02-04 08:58:55.443,34,17513
195,6678,793576,772,2022-01-28 09:04:52.588,20220128,00:00,2022-02-02 09:05:52.264,24,16093
196,6654,777483,771,2022-01-27 09:04:10.687,20220127,00:00,2022-02-02 09:06:04.543,34,14514
197,6620,762969,770,2022-01-26 08:59:34.44,20220126,00:00,2022-02-02 09:06:12.847,32,13009
198,6588,749960,769,2022-01-25 08:58:23.511,20220125,00:00,2022-02-02 09:06:21.743,23,8570
199,6565,741390,768,2022-01-24 08:59:37.815,20220124,00:00,2022-02-02 09:06:30.706,25,7511
200,6540,733879,767,2022-01-23 08:13:23.247,20220123,00:00,2022-02-02 09:06:40.166,11,7626
201,6529,726253,766,2022-01-22 07:26:15.458,20220122,00:00,2022-01-28 09:07:28.893,28,7004
202,6501,719249,765,2022-01-21 08:55:49.63,20220121,00:00,2022-01-28 09:07:20.195,21,6766
203,6480,712483,764,2022-01-20 09:15:13.261,20220120,00:00,2022-01-28 09:07:08.094,28,6600
204,6452,705883,763,2022-01-19 09:01:30.801,20220119,00:00,2022-01-28 09:07:01.638,74,5803
205,6378,700080,762,2022-01-18 09:03:38.28,20220118,00:00,2022-01-28 09:06:55.793,45,4062
206,6333,696018,761,2022-01-17 09:03:38.424,20220117,00:00,2022-01-28 09:06:48.796,23,3854
207,6310,692164,760,2022-01-16 09:31:40.897,20220116,00:00,2022-01-20 09:15:33.87,29,4189
208,6281,687975,759,2022-01-15 08:17:22.717,20220115,00:00,2022-01-19 09:03:44.328,22,4419
209,6259,683556,758,2022-01-14 08:59:27.905,20220114,00:00,2022-01-19 09:03:32.883,49,4538
210,6210,679018,757,2022-01-13 08:43:16.692,20220113,00:00,2022-01-19 09:03:22.963,44,4164
211,6166,674854,756,2022-01-12 09:08:49.646,20220112,00:00,2022-01-24 14:20:11.807,52,4383
212,6114,670471,755,2022-01-11 09:07:41.087,20220111,00:00,2022-01-16 11:07:18.403,43,3092
213,6071,667379,754,2022-01-10 09:06:03.096,20220110,00:00,2022-01-16 11:07:25.748,34,3005
214,6037,664374,753,2022-01-09 08:47:53.411,20220109,00:00,2022-01-16 11:07:34.017,51,3371
215,5986,661003,752,2022-01-08 08:38:42.084,20220108,00:00,2022-01-14 09:00:38.585,54,3507
216,5932,657496,751,2022-01-07 09:04:22.334,20220107,00:00,2022-01-14 09:00:27.23,45,3713
217,5887,653783,750,2022-01-06 08:59:04.372,20220106,00:00,2022-01-12 09:09:21.324,49,4122
218,5838,649661,749,2022-01-05 09:01:59.247,20220105,00:00,2022-01-12 09:09:14.713,57,4441
219,5781,645220,748,2022-01-04 09:04:35.476,20220104,00:00,2022-01-08 09:40:28.974,51,3021
220,5730,642199,747,2022-01-03 08:58:35.591,20220103,00:00,2022-01-08 09:40:16.808,36,3125
221,5694,639074,746,2022-01-02 08:57:24.688,20220102,00:00,2022-01-08 09:40:05.3,69,3831
222,5625,635243,745,2022-01-01 09:02:39.218,20220101,00:00,2022-01-08 09:39:49.89,62,4415
223,5563,630828,744,2021-12-31 09:04:09.35,20211231,00:00,2022-01-04 09:05:54.411,108,4873
224,5455,625955,743,2021-12-30 09:06:07.06,20211230,00:00,2022-01-04 09:05:44.529,73,5034
225,5382,620921,742,2021-12-29 08:56:22.982,20211229,00:00,2022-01-04 09:05:38.235,36,5407
226,5346,615514,741,2021-12-28 09:01:15.646,20211228,00:00,2022-01-04 09:05:27.24,46,3864
227,5300,611650,740,2021-12-27 08:59:50.623,20211227,00:00,2022-01-03 08:59:43.368,55,4203
228,5245,607447,739,2021-12-26 07:59:54.187,20211226,00:00,2022-01-01 12:55:55.606,69,5413
229,5176,602034,738,2021-12-25 07:33:26.751,20211225,00:00,2021-12-31 09:05:10.596,105,5840
230,5071,596194,737,2021-12-24 09:02:52.845,20211224,00:00,2021-12-31 09:05:02.888,56,6233
231,5015,589961,736,2021-12-23 08:52:40.512,20211223,00:00,2021-12-30 09:07:39.267,109,6914
232,4906,583047,735,2021-12-22 09:18:12.299,20211222,00:00,2021-12-29 08:57:08.866,78,7452
233,4828,575595,734,2021-12-21 09:01:45.74,20211221,00:00,2021-12-26 08:00:45.727,52,5192
234,4776,570403,733,2021-12-20 09:02:35.235,20211220,00:00,2021-12-26 08:00:34.995,54,5316
235,4722,565087,732,2021-12-19 09:00:28.825,20211219,00:00,2021-12-26 08:00:22.206,78,6233
236,4644,558854,731,2021-12-18 09:10:13.455,20211218,00:00,2021-12-25 07:35:15.466,53,7310
237,4591,551544,730,2021-12-17 09:07:19.97,20211217,00:00,2021-12-25 07:35:06.184,73,7434
238,4518,544110,729,2021-12-16 09:09:11.111,20211216,00:00,2021-12-25 07:34:57.519,62,7619
239,4456,536491,728,2021-12-15 09:02:08.087,20211215,00:00,2021-12-22 09:20:01.681,70,7849
240,4386,528642,727,2021-12-14 09:05:48.519,20211214,00:00,2021-12-22 09:19:51.783,94,5567
241,4292,523075,726,2021-12-13 09:00:10.891,20211213,00:00,2021-12-20 09:03:46.785,40,5816
242,4252,517259,725,2021-12-12 08:35:19.089,20211212,00:00,2021-12-17 09:08:03.447,42,6681
243,4210,510578,724,2021-12-11 06:19:00.000,20211211,00:00,2021-12-17 09:07:54.162,80,6977
244,4130,503601,723,2021-12-10 09:04:53.786,20211210,00:00,2021-12-17 09:07:45.766,53,6748
245,4077,496853,722,2021-12-09 09:05:11.285,20211209,00:00,2021-12-15 09:03:25.128,57,7375
246,4020,489478,721,2021-12-08 08:56:34.509,20211208,00:00,2021-12-14 09:35:42.827,63,7173
247,3957,482305,720,2021-12-07 09:03:37.814,20211207,00:00,2021-12-14 09:35:51.094,64,4953
248,3893,477352,719,2021-12-06 09:00:01.23,20211206,00:00,2021-12-12 08:50:18.992,41,4324
249,3852,473028,718,2021-12-05 08:34:20.927,20211205,00:00,2021-12-12 08:50:09.419,43,5125
250,3809,467903,717,2021-12-04 09:08:47.492,20211204,00:00,2021-12-12 08:50:00.156,70,5352
251,3739,462551,716,2021-12-03 09:09:08.418,20211203,00:00,2021-12-12 08:49:50.763,34,4944
252,3705,457607,715,2021-12-02 19:20:16.0,20211202,00:00,2021-12-12 08:49:40.135,47,5263
253,3658,452344,714,2021-12-01 09:01:08.27,20211201,00:00,2021-12-12 08:49:29.039,34,5122
254,3624,447222,713,2021-11-30 09:02:25.81,20211130,00:00,2021-12-02 09:06:50.152,44,3031
255,3580,444191,712,2021-11-29 09:05:16.736,20211129,00:00,2021-12-02 09:06:37.327,32,3307
256,3548,440884,711,2021-11-28 08:58:53.394,20211128,00:00,2021-12-02 09:06:24.138,56,3925
257,3492,436959,710,2021-11-27 09:32:36.026,20211127,00:00,2021-12-02 09:06:12.94,52,4067
258,3440,432892,709,2021-11-26 09:03:03.973,20211126,00:00,2021-12-02 09:06:01.826,39,3896
259,3401,428996,708,2021-11-25 09:00:47.897,20211125,00:00,2021-11-30 09:06:13.348,39,3937
260,3362,425059,707,2021-11-24 09:08:22.071,20211124,00:00,2021-11-26 09:29:38.144,34,4113
261,3328,420946,706,2021-11-23 08:59:47.863,20211123,00:00,2021-11-26 09:29:24.197,30,2697
262,3298,418249,705,2021-11-22 09:07:45.615,20211122,00:00,2021-11-26 09:28:52.855,24,2827
263,3274,415422,704,2021-11-21 09:05:22.138,20211121,00:00,2021-11-26 09:28:44.079,30,3120
264,3244,412302,703,2021-11-20 08:51:26.319,20211120,00:00,2021-11-23 09:01:10.675,29,3205
265,3215,409097,702,2021-11-19 08:54:43.169,20211119,00:00,2021-11-23 09:01:22.695,28,3033
266,3187,406064,701,2021-11-18 08:34:37.757,20211118,00:00,2021-11-23 09:01:35.496,29,3292
267,3158,402772,700,2021-11-17 08:48:17.282,20211117,00:00,2021-11-23 09:01:48.978,21,3189
268,3137,399583,699,2021-11-16 08:39:32.225,20211116,00:00,2021-11-18 09:08:34.921,22,2122
269,3115,397461,698,2021-11-15 09:35:56.024,20211115,00:00,2021-11-18 09:08:25.526,12,2004
270,3103,395457,697,2021-11-14 09:44:03.248,20211114,00:00,2021-11-18 09:08:13.992,20,2418
271,3083,393039,696,2021-11-13 09:30:57.908,20211113,00:00,2021-11-18 09:08:03.088,32,2324
272,3051,390715,695,2021-11-12 09:27:05.279,20211112,00:00,2021-11-13 09:40:59.266,18,2368
273,3033,388347,694,2021-11-11 09:27:17.639,20211111,00:00,2021-11-13 09:41:17.955,21,2518
274,3012,385829,693,2021-11-10 09:28:27.999,20211110,00:00,2021-11-13 09:42:01.038,14,2425
275,2998,383404,692,2021-11-09 09:24:09.116,20211109,00:00,2021-11-10 09:31:43.446,18,1717
276,2980,381687,691,2021-11-08 09:28:41.663,20211108,00:00,2021-11-10 09:31:27.892,13,1754
277,2967,379933,690,2021-11-07 09:29:07.692,20211107,00:00,2021-11-10 09:31:04.838,11,2225
278,2956,377708,689,2021-11-06 09:37:28.182,20211106,00:00,2021-11-10 09:30:32.046,20,2246
279,2936,375462,688,2021-11-05 09:27:51.19,20211105,00:00,2021-11-10 09:30:45.522,20,2343
280,2916,373119,687,2021-11-04 09:27:32.684,20211104,00:00,2021-11-04 09:31:12.867,24,2482
281,2892,370637,686,2021-11-03 09:28:24.308,20211103,00:00,2021-11-04 09:31:23.547,18,2667
282,2874,367970,685,2021-11-02 09:30:05.194,20211102,00:00,2021-11-04 09:31:44.097,16,1588
283,2858,366382,684,2021-11-01 06:42:25.145,20211101,00:00,2021-11-04 09:31:55.49,9,1685
284,2849,364697,683,2021-10-31 09:17:32.729,20211031,00:00,2021-11-04 09:32:05.724,19,2061
285,2830,362636,682,2021-10-30 09:42:07.803,20211030,00:00,2021-11-01 06:34:15.071,13,2104
286,2817,360532,681,2021-10-29 09:31:17.46,20211029,00:00,2021-10-30 09:44:12.063,9,2121
287,2808,358411,680,2021-10-28 09:33:44.198,20211028,00:00,2021-10-26 19:11:36.585,11,2111
288,2797,356300,679,2021-10-27 10:10:24.763,20211027,00:00,2021-10-30 09:44:54.809,9,1945
289,2788,354355,677,2021-10-26 09:39:33.439,20211026,00:00,2021-10-30 09:45:50.551,15,1272
290,2773,353083,676,2021-10-25 09:45:03.736,20211025,00:00,2021-10-28 09:30:49.899,7,1190
291,2766,351893,675,2021-10-24 09:33:19.08,20211024,00:00,2021-10-28 09:30:42.515,21,1421
292,2745,350472,674,2021-10-23 10:02:54.872,20211023,00:00,2021-10-28 09:30:26.032,20,1508
293,2725,348964,673,2021-10-22 09:40:09.614,20211022,00:00,2021-10-28 09:30:16.686,16,1438
294,2709,347526,672,2021-10-21 09:43:46.67,20211021,00:00,2021-10-28 09:30:04.103,11,1441
295,2698,346085,671,2021-10-20 09:37:29.36,20211020,00:00,2021-10-28 09:29:55.295,9,1571
296,2689,344514,670,2021-10-19 09:37:01.052,20211019,00:00,2021-10-28 09:29:46.068,21,1073
297,2668,343441,669,2021-10-18 09:39:38.125,20211018,00:00,2021-10-28 09:29:35.805,8,1050
298,2660,342391,668,2021-10-17 10:04:43.41,20211017,00:00,2021-10-28 19:13:07.804,16,1420
299,2644,340971,667,2021-10-16 09:35:29.169,20211016,00:00,2021-10-28 09:28:39.581,18,1617
300,2626,339354,666,2021-10-15 09:39:06.702,20211015,00:00,2021-10-28 09:28:28.48,8,1683
301,2618,337671,665,2021-10-14 09:34:17.552,20211014,00:00,2021-10-28 09:28:16.636,13,1939
302,2605,335732,664,2021-10-13 09:35:45.02,20211013,00:00,2021-10-28 09:28:03.328,11,1583
303,2594,334149,663,2021-10-12 10:34:11.074,20211012,00:00,2021-10-28 09:27:46.567,11,1346
304,2583,332803,662,2021-10-11 09:36:36.635,20211011,00:00,2021-10-28 09:27:35.791,8,1297
305,2575,331506,661,2021-10-10 09:40:09.109,20211010,00:00,2021-10-28 09:27:22.408,15,1594
306,2560,329912,660,2021-10-09 09:42:58.176,20211009,00:00,2021-10-28 09:27:02.424,6,1953
307,2554,327959,659,2021-10-08 09:46:59.694,20211008,00:00,2021-10-28 09:26:50.574,10,2171
308,2544,325788,658,2021-10-07 09:48:27.592,20211007,00:00,2021-10-28 09:26:38.781,8,2425
309,2536,323363,657,2021-10-06 09:49:43.197,20211006,00:00,2021-10-28 09:26:15.517,12,2027
310,2524,321336,656,2021-10-05 09:54:11.433,20211005,00:00,2021-10-28 09:26:02.548,11,1574
311,2513,319762,655,2021-10-04 09:50:15.715,20211004,00:00,2021-11-01 06:39:30.832,6,1670
312,2507,318092,654,2021-10-03 10:22:27.003,20211003,00:00,2021-11-01 06:39:17.105,3,2085
313,2504,316007,653,2021-10-02 09:52:30.389,20211002,00:00,2021-11-01 06:39:07.437,7,2247
314,2497,313760,652,2021-10-01 09:57:42.109,20211001,00:00,2021-11-01 06:38:56.4,16,2484
315,2481,311276,651,2021-09-30 09:58:40.205,20210930,00:00,2021-11-01 06:38:31.954,7,2561
316,2474,308715,650,2021-09-29 09:58:03.378,20210929,00:00,2021-11-01 06:38:21.019,10,2881
317,2464,305834,649,2021-09-28 09:57:34.945,20210928,00:00,2021-11-01 06:38:11.541,8,2288
318,2456,303546,648,2021-09-27 10:08:41.366,20210927,00:00,2021-10-27 21:20:33.866,6,2381
319,2450,301165,647,2021-09-26 09:38:04.296,20210926,00:00,2021-10-28 19:03:18.131,9,2768
320,2441,298397,646,2021-09-25 10:49:15.225,20210925,00:00,2021-10-28 19:04:10.216,7,3270
321,2434,295127,645,2021-09-24 09:53:29.116,20210924,00:00,2021-09-29 20:01:46.502,7,2429
322,2427,292698,644,2021-09-23 10:01:14.491,20210923,00:00,2021-09-29 20:03:48.311,8,1715
323,2419,290983,643,2021-09-22 09:35:53.93,20210922,00:00,2021-09-29 20:04:59.469,6,1720
324,2413,289263,642,2021-09-21 09:39:49.437,20210921,00:00,2021-09-29 20:06:48.46,4,1729
325,2409,287534,641,2021-09-20 09:09:41.18,20210920,00:00,2021-10-28 19:15:16.036,6,1604
326,2403,285930,640,2021-09-19 09:31:46.109,20210919,00:00,2021-10-28 19:14:59.754,9,1909
327,2394,284021,639,2021-09-18 09:58:15.323,20210918,00:00,2021-10-28 19:14:42.389,5,2087
328,2389,281934,638,2021-09-17 10:15:01.593,20210917,00:00,2021-10-28 19:14:12.98,3,2008
329,2386,279926,637,2021-09-16 09:51:44.269,20210916,00:00,2021-10-28 19:13:59.622,6,1942
330,2380,277984,636,2021-09-15 09:51:20.667,20210915,00:00,2021-10-28 19:20:08.897,13,2065
331,2367,275919,635,2021-09-14 09:45:02.459,20210914,00:00,2021-10-28 19:21:16.406,7,1508
332,2360,274411,634,2021-09-13 09:40:59.629,20210913,00:00,2021-10-28 19:22:56.574,1,1433
333,2359,272978,633,2021-09-12 09:35:58.19,20210912,00:00,2021-10-28 19:22:17.484,1,1755
334,2358,271223,632,2021-09-11 09:42:37.082,20210911,00:00,2021-10-28 19:38:20.905,10,1864
335,2348,269359,631,2021-09-10 09:40:06.372,20210910,00:00,2021-10-28 19:38:49.98,5,1893
336,2343,267466,630,2021-09-09 09:40:59.551,20210909,00:00,2021-10-28 19:39:14.738,9,2049
337,2334,265417,629,2021-09-08 09:39:50.468,20210908,00:00,2021-10-28 19:39:41.096,4,2047
338,2330,263370,628,2021-09-07 09:39:03.178,20210907,00:00,2021-10-28 19:40:09.375,3,1597
339,2327,261773,627,2021-09-06 09:43:09.889,20210906,00:00,2021-10-28 19:40:31.254,6,1375
340,2321,260398,626,2021-09-05 10:48:36.114,20210905,00:00,2021-10-28 19:40:56.019,6,1490
341,2315,258908,624,2021-09-04 09:41:36.458,20210904,00:00,2021-10-28 19:41:37.871,7,1803
342,2308,257105,623,2021-09-03 09:44:30.979,20210903,00:00,2021-10-28 19:42:08.953,5,1708
343,2303,255397,622,2021-09-02 09:37:25.055,20210902,00:00,2021-10-28 19:43:17.524,11,1960
344,2292,253437,621,2021-09-01 09:37:02.395,20210901,00:00,2021-10-28 19:44:30.053,7,2024
345,2285,251413,590,2021-08-31 00:00:00.0,20210831,00:00,2021-10-28 19:50:42.937,1,1370
346,2284,250043,589,2021-08-30 00:00:00.0,20210830,00:00,2021-10-28 19:51:25.711,5,1485
347,2279,248558,588,2021-08-29 00:00:00.0,20210829,00:00,2021-10-28 19:52:24.206,3,1619
348,2276,246939,587,2021-08-28 00:00:00.0,20210828,00:00,2021-10-28 19:53:00.801,11,1791
349,2265,245148,586,2021-08-27 00:00:00.0,20210827,00:00,2021-10-28 19:53:45.286,8,1837
350,2257,243311,585,2021-08-26 00:00:00.0,20210826,00:00,2021-10-28 19:54:27.094,20,1882
351,2237,241429,584,2021-08-25 00:00:00.0,20210825,00:00,2021-10-28 19:55:03.137,9,2154
352,2228,239275,583,2021-08-24 00:00:00.0,20210824,00:00,2021-10-28 19:55:44.759,6,1507
353,2222,237768,582,2021-08-23 00:00:00.0,20210823,00:00,2021-10-28 19:56:39.865,7,1417
354,2215,236351,581,2021-08-22 00:00:00.0,20210822,00:00,2021-10-28 19:57:43.769,13,1626
355,2202,234725,580,2021-08-21 00:00:00.0,20210821,00:00,2021-10-28 19:58:28.318,5,1787
356,2197,232938,579,2021-08-20 00:00:00.0,20210820,00:00,2021-10-28 20:16:22.884,6,2140
357,2191,230798,578,2021-08-19 00:00:00.0,20210819,00:00,2021-10-28 20:17:26.816,13,2152
358,2178,228646,577,2021-08-18 00:00:00.0,20210818,00:00,2021-10-28 20:18:00.209,5,1803
359,2173,226843,576,2021-08-17 00:00:00.0,20210817,00:00,2021-10-28 20:19:10.498,6,1372
360,2167,225471,575,2021-08-16 00:00:00.0,20210816,00:00,2021-10-28 20:19:59.1,11,1554
361,2156,223917,574,2021-08-15 00:00:00.0,20210815,00:00,2021-10-28 20:20:39.71,8,1816
362,2148,222101,573,2021-08-14 00:00:00.0,20210814,00:00,2021-10-28 20:25:41.348,4,1928
363,2144,220173,572,2021-08-13 00:00:00.0,20210813,00:00,2021-10-28 20:26:29.769,6,1989
364,2138,218184,571,2021-08-12 00:00:00.0,20210812,00:00,2021-10-28 20:27:07.024,3,1987
365,2135,216197,570,2021-08-11 00:00:00.0,20210811,00:00,2021-10-28 20:27:36.514,1,2221
366,2134,213976,569,2021-08-10 00:00:00.0,20210810,00:00,2021-10-28 20:31:36.737,9,1537
367,2125,212439,568,2021-08-09 00:00:00.0,20210809,00:00,2021-10-07 10:30:51.51,4,1491
368,2121,210948,567,2021-08-08 00:00:00.0,20210808,00:00,2021-10-07 10:30:51.51,5,1727
369,2116,209221,566,2021-08-07 00:00:00.000,20210807,00:00,2021-10-07 10:30:51.51,3,1823
370,2113,207398,565,2021-08-06 00:00:00.000,20210806,00:00,2021-10-07 10:30:51.51,4,1704
371,2109,205694,564,2021-08-05 00:00:00.000,20210805,00:00,2021-10-07 10:30:51.51,3,1775
372,2106,203919,563,2021-08-04 00:00:00.000,20210804,00:00,2021-10-07 10:30:51.51,2,1725
373,2104,202194,562,2021-08-03 00:00:00.000,20210803,00:00,2021-10-07 10:30:51.51,5,1200
374,2099,200994,561,2021-08-02 00:00:00.000,20210802,00:00,2021-10-07 10:30:51.51,1,1218
375,2098,199776,560,2021-08-01 00:00:00.000,20210801,00:00,2021-10-07 10:30:51.51,3,1442
376,2095,198334,559,2021-07-31 00:00:00.000,20210731,00:00,2021-10-07 10:30:51.51,6,1538
377,2089,196796,558,2021-07-30 00:00:00.000,20210730,00:00,2021-10-07 10:30:51.51,4,1710
378,2085,195086,557,2021-07-29 00:00:00.000,20210729,00:00,2021-10-07 10:30:51.51,2,1673
379,2083,193413,556,2021-07-28 00:00:00.000,20210728,00:00,2021-10-07 10:30:51.51,4,1895
380,2079,191518,555,2021-07-27 00:00:00.000,20210727,00:00,2021-10-07 10:30:51.51,2,1363
381,2077,190155,554,2021-07-26 00:00:00.000,20210726,00:00,2021-10-07 10:30:51.51,4,1318
382,2073,188837,553,2021-07-25 00:00:00.000,20210725,00:00,2021-10-07 10:30:51.51,5,1487
383,2068,187350,552,2021-07-24 00:00:00.000,20210724,00:00,2021-10-07 10:30:51.51,2,1627
384,2066,185723,551,2021-07-23 00:00:00.000,20210723,00:00,2021-10-07 10:30:51.51,3,1629
385,2063,184094,550,2021-07-22 00:00:00.000,20210722,00:00,2021-10-07 10:30:51.51,3,1841
386,2060,182253,549,2021-07-21 00:00:00.000,20210721,00:00,2021-10-07 10:30:51.51,1,1781
387,2059,180472,548,2021-07-20 00:00:00.000,20210720,00:00,2021-10-07 10:30:51.51,1,1278
388,2058,179194,547,2021-07-19 00:00:00.000,20210719,00:00,2021-10-07 10:30:51.51,1,1251
389,2057,177943,546,2021-07-18 00:00:00.000,20210718,00:00,2021-10-07 10:30:51.51,2,1453
390,2055,176490,545,2021-07-17 00:00:00.000,20210717,00:00,2021-10-07 10:30:51.51,4,1449
391,2051,175041,544,2021-07-16 00:00:00.000,20210716,00:00,2021-10-07 10:30:51.51,1,1535
392,2050,173506,543,2021-07-15 00:00:00.000,20210715,00:00,2021-10-07 10:30:51.51,2,1599
393,2048,171907,542,2021-07-14 00:00:00.000,20210714,00:00,2021-10-07 10:30:51.51,2,1613
394,2046,170294,541,2021-07-13 00:00:00.000,20210713,00:00,2021-10-07 10:30:51.51,2,1150
395,2044,169144,540,2021-07-12 00:00:00.000,20210712,00:00,2021-10-07 10:30:51.51,1,1100
396,2043,168044,539,2021-07-11 00:00:00.000,20210711,00:00,2021-10-07 10:30:51.51,5,1324
397,2038,166720,538,2021-07-10 00:00:00.000,20210710,00:00,2021-10-07 10:30:51.51,2,1378
398,2036,165342,537,2021-07-09 00:00:00.000,20210709,00:00,2021-10-07 10:30:51.51,2,1316
399,2034,164026,536,2021-07-08 00:00:00.000,20210708,00:00,2021-10-07 10:30:51.51,1,1275
400,2033,162751,535,2021-07-07 00:00:00.000,20210707,00:00,2021-10-07 10:30:51.51,1,1211
401,2032,161540,534,2021-07-06 00:00:00.000,20210706,00:00,2021-10-07 10:30:51.51,4,746
402,2028,160794,533,2021-07-05 00:00:00.000,20210705,00:00,2021-10-07 10:30:51.51,2,711
403,2026,160083,532,2021-07-04 00:00:00.000,20210704,00:00,2021-10-07 10:30:51.51,1,743
404,2025,159340,531,2021-07-03 00:00:00.000,20210703,00:00,2021-10-07 10:30:51.51,1,794
405,2024,158546,530,2021-07-02 00:00:00.000,20210702,00:00,2021-10-07 10:30:51.51,3,825
406,2021,157721,529,2021-07-01 00:00:00.000,20210701,00:00,2021-10-07 10:30:51.51,3,761
407,2018,156960,528,2021-06-30 00:00:00.000,20210630,00:00,2021-10-07 10:30:51.51,1,794
408,2017,156166,527,2021-06-29 00:00:00.000,20210629,00:00,2021-10-07 10:30:51.51,2,595
409,2015,155571,526,2021-06-28 00:00:00.000,20210628,00:00,2021-10-07 10:30:51.51,2,501
410,2013,155070,525,2021-06-27 00:00:00.000,20210627,00:00,2021-10-07 10:30:51.51,1,614
411,2012,154456,524,2021-06-26 00:00:00.000,20210626,00:00,2021-10-07 10:30:51.51,3,668
412,2009,153788,523,2021-06-25 00:00:00.000,20210625,00:00,2021-10-07 10:30:51.51,1,634
413,2008,153154,522,2021-06-24 00:00:00.000,20210624,00:00,2021-10-07 10:30:51.51,1,610
414,2007,152544,521,2021-06-23 00:00:00.000,20210623,00:00,2021-10-07 10:30:51.51,1,645
415,2006,151899,520,2021-06-22 00:00:00.000,20210622,00:00,2021-10-07 10:30:51.51,2,394
416,2004,151505,519,2021-06-21 00:00:00.000,20210621,00:00,2021-10-07 10:30:51.51,2,357
417,2002,151148,518,2021-06-20 00:00:00.000,20210620,00:00,2021-10-07 10:30:51.51,5,429
418,1997,150719,517,2021-06-19 00:00:00.000,20210619,00:00,2021-10-07 10:30:51.51,1,482
419,1996,150237,516,2021-06-18 00:00:00.000,20210618,00:00,2021-10-07 10:30:51.51,2,507
420,1994,149730,515,2021-06-17 00:00:00.000,20210617,00:00,2021-10-07 10:30:51.51,1,540
421,1993,149190,514,2021-06-16 00:00:00.000,20210616,00:00,2021-10-07 10:30:51.51,1,545
422,1992,148645,513,2021-06-15 00:00:00.000,20210615,00:00,2021-10-07 10:30:51.51,4,373
423,1988,148272,512,2021-06-14 00:00:00.000,20210614,00:00,2021-10-07 10:30:51.51,3,399
424,1985,147873,511,2021-06-13 00:00:00.000,20210613,00:00,2021-10-07 10:30:51.51,3,452
425,1982,147421,510,2021-06-12 00:00:00.000,20210612,00:00,2021-10-07 10:30:51.51,1,565
426,1981,146856,509,2021-06-11 00:00:00.000,20210611,00:00,2021-10-07 10:30:51.51,2,556
427,1979,146300,508,2021-06-10 00:00:00.000,20210610,00:00,2021-10-07 10:30:51.51,2,610
428,1977,145690,507,2021-06-09 00:00:00.000,20210609,00:00,2021-10-07 10:30:51.51,2,602
429,1975,145088,506,2021-06-08 00:00:00.000,20210608,00:00,2021-10-07 10:30:51.51,1,454
430,1974,144634,505,2021-06-07 00:00:00.000,20210607,00:00,2021-10-07 10:30:51.51,1,485
431,1973,144149,504,2021-06-06 00:00:00.000,20210606,00:00,2021-10-07 10:30:51.51,2,556
432,1971,143593,503,2021-06-05 00:00:00.000,20210605,00:00,2021-10-07 10:30:51.51,2,744
433,1969,142849,502,2021-06-04 00:00:00.000,20210604,00:00,2021-10-07 10:30:51.51,1,695
434,1968,142154,501,2021-06-03 00:00:00.000,20210603,00:00,2021-10-07 10:30:51.51,3,681
435,1965,141473,500,2021-06-02 00:00:00.000,20210602,00:00,2021-10-14 13:48:56.821,2,677
436,1963,140796,499,2021-06-01 00:00:00.000,20210601,00:00,2021-10-07 10:30:51.51,4,459
437,1959,140337,498,2021-05-30 00:00:00.0,20210531,00:00,2021-10-07 10:30:51.51,2,430
438,1957,139907,497,2021-05-30 00:00:00.000,20210530,00:00,2021-10-07 10:30:51.51,6,480
439,1951,139427,496,2021-05-29 00:00:00.000,20210529,00:00,2021-10-07 10:30:51.51,5,533
440,1946,138894,495,2021-05-28 00:00:00.000,20210528,00:00,2021-10-07 10:30:51.51,3,587
441,1943,138307,494,2021-05-27 00:00:00.000,20210527,00:00,2021-10-07 10:30:51.51,3,629
442,1940,137678,493,2021-05-26 00:00:00.000,20210526,00:00,2021-10-07 10:30:51.51,2,705
443,1938,136973,492,2021-05-25 00:00:00.000,20210525,00:00,2021-10-07 10:30:51.51,4,516
444,1934,136457,491,2021-05-24 00:00:00.000,20210524,00:00,2021-10-07 10:30:51.51,3,530
445,1931,135927,490,2021-05-23 00:00:00.000,20210523,00:00,2021-10-07 10:30:51.51,5,585
446,1926,135342,489,2021-05-22 00:00:00.000,20210522,00:00,2021-10-07 10:30:51.51,4,666
447,1922,134676,488,2021-05-21 00:00:00.000,20210521,00:00,2021-10-07 10:30:51.51,6,561
448,1916,134115,487,2021-05-20 00:00:00.000,20210520,00:00,2021-10-07 10:30:51.51,4,646
449,1912,133469,486,2021-05-19 00:00:00.000,20210519,00:00,2021-10-07 10:30:51.51,8,654
450,1904,132815,485,2021-05-18 00:00:00.000,20210518,00:00,2021-10-07 10:30:51.51,1,528
451,1903,132287,484,2021-05-17 00:00:00.000,20210517,00:00,2021-10-07 10:30:51.51,3,619
452,1900,131668,483,2021-05-16 00:00:00.000,20210516,00:00,2021-10-07 10:30:51.51,4,610
453,1896,131058,482,2021-05-15 00:00:00.000,20210515,00:00,2021-10-07 10:30:51.51,3,681
454,1893,130377,481,2021-05-14 00:00:00.000,20210514,00:00,2021-10-07 10:30:51.51,2,747
455,1891,129630,480,2021-05-13 00:00:00.000,20210513,00:00,2021-10-07 10:30:51.51,7,715
456,1884,128915,479,2021-05-12 00:00:00.000,20210512,00:00,2021-10-07 10:30:51.51,5,634
457,1879,128281,478,2021-05-11 00:00:00.000,20210511,00:00,2021-10-07 10:30:51.51,4,510
458,1875,127771,477,2021-05-10 00:00:00.000,20210510,00:00,2021-10-07 10:30:51.51,1,463
459,1874,127308,476,2021-05-09 00:00:00.000,20210509,00:00,2021-10-07 10:30:51.51,9,564
460,1865,126744,475,2021-05-08 00:00:00.000,20210508,00:00,2021-10-07 10:30:51.51,5,701
461,1860,126043,474,2021-05-07 00:00:00.000,20210507,00:00,2021-10-07 10:30:51.51,9,525
462,1851,125518,473,2021-05-06 00:00:00.000,20210506,00:00,2021-10-07 10:30:51.51,4,574
463,1847,124944,472,2021-05-05 00:00:00.000,20210505,00:00,2021-10-07 10:30:51.51,7,676
464,1840,124268,471,2021-05-04 00:00:00.000,20210504,00:00,2021-10-07 10:30:51.51,6,541
465,1834,123727,470,2021-05-03 00:00:00.000,20210503,00:00,2021-10-07 10:30:51.51,1,488
466,1833,123239,469,2021-05-02 00:00:00.000,20210502,00:00,2021-10-07 10:30:51.51,2,606
467,1831,122633,468,2021-05-01 00:00:00.000,20210501,00:00,2021-10-07 10:30:51.51,3,627
468,1828,122006,467,2021-04-30 00:00:00.000,20210430,00:00,2021-10-07 10:30:51.51,3,661
469,1825,121345,466,2021-04-29 00:00:00.000,20210429,00:00,2021-10-07 10:30:51.51,4,679
470,1821,120666,465,2021-04-28 00:00:00.000,20210428,00:00,2021-10-07 10:30:51.51,1,769
471,1820,119897,464,2021-04-27 00:00:00.000,20210427,00:00,2021-10-07 10:30:51.51,3,512
472,1817,119385,463,2021-04-26 00:00:00.000,20210426,00:00,2021-10-07 10:30:51.51,4,499
473,1813,118886,462,2021-04-25 00:00:00.000,20210425,00:00,2021-10-07 10:30:51.51,1,644
474,1812,118242,461,2021-04-24 00:00:00.000,20210424,00:00,2021-10-07 10:30:51.51,1,785
475,1811,117457,460,2021-04-23 00:00:00.000,20210423,00:00,2021-10-07 10:30:51.51,3,797
476,1808,116660,459,2021-04-22 00:00:00.000,20210422,00:00,2021-10-07 10:30:51.51,2,735
477,1806,115925,458,2021-04-21 00:00:00.000,20210421,00:00,2021-10-07 10:30:51.51,4,731
478,1802,115194,457,2021-04-20 00:00:00.000,20210420,00:00,2021-10-07 10:30:51.51,1,549
479,1801,114645,456,2021-04-19 00:00:00.000,20210419,00:00,2021-10-07 10:30:51.51,4,532
480,1797,114113,455,2021-04-18 00:00:00.000,20210418,00:00,2021-10-07 10:30:51.51,3,671
481,1794,113442,454,2021-04-17 00:00:00.000,20210417,00:00,2021-10-07 10:30:51.51,4,658
482,1790,112784,453,2021-04-16 00:00:00.000,20210416,00:00,2021-10-07 10:30:51.51,2,673
483,1788,112111,452,2021-04-15 00:00:00.000,20210415,00:00,2021-10-07 10:30:51.51,6,698
484,1782,111413,451,2021-04-14 00:00:00.000,20210414,00:00,2021-10-07 10:30:51.51,7,731
485,1775,110682,450,2021-04-13 00:00:00.000,20210413,00:00,2021-10-07 10:30:51.51,5,542
486,1770,110140,449,2021-04-12 00:00:00.000,20210412,00:00,2021-10-07 10:30:51.51,2,587
487,1768,109553,448,2021-04-11 00:00:00.000,20210411,00:00,2021-10-07 10:30:51.51,3,614
488,1765,108939,447,2021-04-10 00:00:00.000,20210410,00:00,2021-10-07 10:30:51.51,1,677
489,1764,108262,446,2021-04-09 00:00:00.000,20210409,00:00,2021-10-07 10:30:51.51,6,671
490,1758,107591,445,2021-04-08 00:00:00.000,20210408,00:00,2021-10-07 10:30:51.51,2,700
491,1756,106891,444,2021-04-07 00:00:00.000,20210407,00:00,2021-10-07 10:30:51.51,4,668
492,1752,106223,443,2021-04-06 00:00:00.000,20210406,00:00,2021-10-07 10:30:51.51,4,477
493,1748,105746,442,2021-04-05 00:00:00.000,20210405,00:00,2021-10-07 10:30:51.51,4,473
494,1744,105273,441,2021-04-04 00:00:00.000,20210404,00:00,2021-10-07 10:30:51.51,4,543
495,1740,104730,440,2021-04-03 00:00:00.000,20210403,00:00,2021-10-07 10:30:51.51,3,543
496,1737,104187,439,2021-04-02 00:00:00.000,20210402,00:00,2021-10-07 10:30:51.51,2,557
497,1735,103630,438,2021-04-01 00:00:00.000,20210401,00:00,2021-10-07 10:30:51.51,4,551
498,1731,103079,437,2021-03-31 00:00:00.000,20210331,00:00,2021-10-07 10:30:51.51,2,506
499,1729,102573,436,2021-03-30 00:00:00.000,20210330,00:00,2021-10-07 10:30:51.51,3,447
500,1726,102126,435,2021-03-29 00:00:00.000,20210329,00:00,2021-10-07 10:30:51.51,4,382
501,1722,101744,434,2021-03-28 00:00:00.000,20210328,00:00,2021-10-07 10:30:51.51,1,482
502,1721,101262,433,2021-03-27 00:00:00.000,20210327,00:00,2021-10-07 10:30:51.51,5,505
503,1716,100757,432,2021-03-26 00:00:00.000,20210326,00:00,2021-10-07 10:30:51.51,7,489
504,1709,100268,431,2021-03-25 00:00:00.000,20210325,00:00,2021-10-07 10:30:51.51,2,430
505,1707,99838,430,2021-03-24 00:00:00.000,20210324,00:00,2021-10-07 10:30:51.51,3,428
506,1704,99410,429,2021-03-23 00:00:00.000,20210323,00:00,2021-10-07 10:30:51.51,7,346
507,1697,99064,428,2021-03-22 00:00:00.000,20210322,00:00,2021-10-07 10:30:51.51,1,415
508,1696,98649,427,2021-03-21 00:00:00.000,20210321,00:00,2021-10-07 10:30:51.51,3,456
509,1693,98193,426,2021-03-20 00:00:00.000,20210320,00:00,2021-10-07 10:30:51.51,3,447
510,1690,97746,425,2021-03-19 00:00:00.000,20210319,00:00,2021-10-07 10:30:51.51,2,463
511,1688,97283,424,2021-03-18 00:00:00.000,20210318,00:00,2021-10-07 10:30:51.51,2,445
512,1686,96838,423,2021-03-17 00:00:00.000,20210317,00:00,2021-10-07 10:30:51.51,8,469
513,1678,96369,422,2021-03-16 00:00:00.000,20210316,00:00,2021-10-07 10:30:51.51,3,363
514,1675,96006,421,2021-03-15 00:00:00.000,20210315,00:00,2021-10-07 10:30:51.51,6,379
515,1669,95627,420,2021-03-14 00:00:00.000,20210314,00:00,2021-10-07 10:30:51.51,2,459
516,1667,95168,419,2021-03-13 00:00:00.000,20210313,00:00,2021-10-07 10:30:51.51,5,490
517,1662,94678,418,2021-03-12 00:00:00.000,20210312,00:00,2021-10-07 10:30:51.51,10,488
518,1652,94190,417,2021-03-11 00:00:00.000,20210311,00:00,2021-10-07 10:30:51.51,4,465
519,1648,93725,416,2021-03-10 00:00:00.000,20210310,00:00,2021-10-07 10:30:51.51,3,470
520,1645,93255,415,2021-03-09 00:00:00.000,20210309,00:00,2021-10-07 10:30:51.51,3,446
521,1642,92809,414,2021-03-08 00:00:00.000,20210308,00:00,2021-10-07 10:30:51.51,8,346
522,1634,92463,413,2021-03-07 00:00:00.000,20210307,00:00,2021-10-07 10:30:51.51,2,416
523,1632,92047,412,2021-03-06 00:00:00.000,20210306,00:00,2021-10-07 10:30:51.51,5,418
524,1627,91629,411,2021-03-05 00:00:00.000,20210305,00:00,2021-10-07 10:30:51.51,8,398
525,1619,91231,410,2021-03-04 00:00:00.000,20210304,00:00,2021-10-07 10:30:51.51,7,424
526,1612,90807,409,2021-03-03 00:00:00.000,20210303,00:00,2021-10-07 10:30:51.51,6,444
527,1606,90363,408,2021-03-02 00:00:00.000,20210302,00:00,2021-10-07 10:30:51.51,1,344
528,1605,90019,407,2021-03-01 00:00:00.000,20210301,00:00,2021-10-07 10:30:51.51,2,355
529,1603,89664,406,2021-02-28 00:00:00.000,20210228,00:00,2021-10-07 10:30:51.51,8,355
530,1595,89309,405,2021-02-27 00:00:00.000,20210227,00:00,2021-10-07 10:30:51.51,10,415
531,1585,88894,404,2021-02-26 00:00:00.000,20210226,00:00,2021-10-07 10:30:51.51,4,387
532,1581,88507,403,2021-02-25 00:00:00.000,20210225,00:00,2021-10-07 10:30:51.51,5,395
533,1576,88112,402,2021-02-24 00:00:00.000,20210224,00:00,2021-10-07 10:30:51.51,3,440
534,1573,87672,401,2021-02-23 00:00:00.000,20210223,00:00,2021-10-07 10:30:51.51,11,356
535,1562,87316,400,2021-02-22 00:00:00.000,20210222,00:00,2021-10-07 10:30:51.51,5,332
536,1557,86984,399,2021-02-21 00:00:00.000,20210221,00:00,2021-10-07 10:30:51.51,4,416
537,1553,86568,398,2021-02-20 00:00:00.000,20210220,00:00,2021-10-07 10:30:51.51,3,448
538,1550,86120,397,2021-02-19 00:00:00.000,20210219,00:00,2021-10-07 10:30:51.51,6,561
539,1544,85559,396,2021-02-18 00:00:00.000,20210218,00:00,2021-10-07 10:30:51.51,6,621
540,1538,84938,395,2021-02-17 00:00:00.000,20210217,00:00,2021-10-07 10:30:51.51,4,621
541,1534,84317,394,2021-02-16 00:00:00.000,20210216,00:00,2021-10-07 10:30:51.51,7,457
542,1527,83860,393,2021-02-15 00:00:00.000,20210215,00:00,2021-10-07 10:30:51.51,5,343
543,1522,83517,392,2021-02-14 00:00:00.000,20210214,00:00,2021-10-07 10:30:51.51,8,326
544,1514,83191,391,2021-02-13 00:00:00.000,20210213,00:00,2021-10-07 10:30:51.51,7,362
545,1507,82829,390,2021-02-12 00:00:00.000,20210212,00:00,2021-10-07 10:30:51.51,11,403
546,1496,82426,389,2021-02-11 00:00:00.000,20210211,00:00,2021-10-07 10:30:51.51,10,504
547,1486,81922,388,2021-02-10 00:00:00.000,20210210,00:00,2021-10-07 10:30:51.51,4,444
548,1482,81478,387,2021-02-09 00:00:00.000,20210209,00:00,2021-10-07 10:30:51.51,8,303
549,1474,81175,386,2021-02-08 00:00:00.000,20210208,00:00,2021-10-07 10:30:51.51,3,288
550,1471,80887,385,2021-02-07 00:00:00.000,20210207,00:00,2021-10-07 10:30:51.51,7,371
551,1464,80516,384,2021-02-06 00:00:00.000,20210206,00:00,2021-10-07 10:30:51.51,5,390
552,1459,80126,383,2021-02-05 00:00:00.000,20210205,00:00,2021-10-07 10:30:51.51,11,370
553,1448,79756,382,2021-02-04 00:00:00.000,20210204,00:00,2021-10-07 10:30:51.51,7,451
554,1441,79305,381,2021-02-03 00:00:00.000,20210203,00:00,2021-10-07 10:30:51.51,6,467
555,1435,78838,380,2021-02-02 00:00:00.000,20210202,00:00,2021-10-07 10:30:51.51,10,336
556,1425,78502,379,2021-02-01 00:00:00.000,20210201,00:00,2021-10-07 10:30:51.51,5,305
557,1420,78197,378,2021-01-31 00:00:00.000,20210131,00:00,2021-10-07 10:30:51.51,6,354
558,1414,77843,377,2021-01-30 00:00:00.000,20210130,00:00,2021-10-07 10:30:51.51,15,456
559,1399,77387,376,2021-01-29 00:00:00.000,20210129,00:00,2021-10-07 10:30:51.51,13,469
560,1386,76918,375,2021-01-28 00:00:00.000,20210128,00:00,2021-10-07 10:30:51.51,8,497
561,1378,76421,374,2021-01-27 00:00:00.000,20210127,00:00,2021-10-07 10:30:51.51,7,559
562,1371,75862,373,2021-01-26 00:00:00.000,20210126,00:00,2021-10-07 10:30:51.51,11,349
563,1360,75513,372,2021-01-25 00:00:00.000,20210125,00:00,2021-10-07 10:30:51.51,11,437
564,1349,75076,371,2021-01-24 00:00:00.000,20210124,00:00,2021-10-07 10:30:51.51,12,392
565,1337,74684,370,2021-01-23 00:00:00.000,20210123,00:00,2021-10-07 10:30:51.51,9,431
566,1328,74253,369,2021-01-22 00:00:00.000,20210122,00:00,2021-10-07 10:30:51.51,12,346
567,1316,73907,368,2021-01-21 00:00:00.000,20210121,00:00,2021-10-07 10:30:51.51,16,400
568,1300,73507,367,2021-01-20 00:00:00.000,20210120,00:00,2021-10-07 10:30:51.51,17,404
569,1283,73103,366,2021-01-19 00:00:00.000,20210119,00:00,2021-10-07 10:30:51.51,19,386
570,1264,72717,365,2021-01-18 00:00:00.000,20210118,00:00,2021-10-07 10:30:51.51,15,389
571,1249,72328,364,2021-01-17 00:00:00.000,20210117,00:00,2021-10-07 10:30:51.51,13,520
572,1236,71808,363,2021-01-16 00:00:00.000,20210116,00:00,2021-10-07 10:30:51.51,19,580
573,1217,71228,362,2021-01-15 00:00:00.000,20210115,00:00,2021-10-07 10:30:51.51,22,512
574,1195,70716,361,2021-01-14 00:00:00.000,20210114,00:00,2021-10-07 10:30:51.51,10,524
575,1185,70192,360,2021-01-13 00:00:00.000,20210113,00:00,2021-10-07 10:30:51.51,20,561
576,1165,69631,359,2021-01-12 00:00:00.000,20210112,00:00,2021-10-07 10:30:51.51,25,537
577,1140,69094,358,2021-01-11 00:00:00.000,20210111,00:00,2021-10-07 10:30:51.51,15,451
578,1125,68643,357,2021-01-10 00:00:00.000,20210110,00:00,2021-10-07 10:30:51.51,25,657
579,1100,67986,356,2021-01-09 00:00:00.000,20210109,00:00,2021-10-07 10:30:51.51,19,641
580,1081,67345,355,2021-01-08 00:00:00.000,20210108,00:00,2021-10-07 10:30:51.51,35,674
581,1046,66671,354,2021-01-07 00:00:00.000,20210107,00:00,2021-10-07 10:30:51.51,19,869
582,1027,65802,353,2021-01-06 00:00:00.000,20210106,00:00,2021-10-07 10:30:51.51,20,838
583,1007,64964,352,2021-01-05 00:00:00.000,20210105,00:00,2021-10-07 10:30:51.51,26,714
584,981,64250,351,2021-01-04 00:00:00.000,20210104,00:00,2021-10-07 10:30:51.51,19,1020
585,962,63230,350,2021-01-03 00:00:00.000,20210103,00:00,2021-10-07 10:30:51.51,20,657
586,942,62573,349,2021-01-02 00:00:00.000,20210102,00:00,2021-10-07 10:30:51.51,25,820
587,917,61753,348,2021-01-01 00:00:00.000,20210101,00:00,2021-10-07 10:30:51.51,17,1027
588,900,60726,347,2020-12-31 00:00:00.000,20201231,00:00,2021-10-07 10:30:51.51,21,967
589,879,59759,346,2020-12-30 00:00:00.000,20201230,00:00,2021-10-07 10:30:51.51,20,1050
590,859,58709,345,2020-12-29 00:00:00.000,20201229,00:00,2021-10-07 10:30:51.51,40,1044
591,819,57665,344,2020-12-28 00:00:00.000,20201228,00:00,2021-10-07 10:30:51.51,11,806
592,808,56859,343,2020-12-27 00:00:00.000,20201227,00:00,2021-10-07 10:30:51.51,15,970
593,793,55889,342,2020-12-26 00:00:00.000,20201226,00:00,2021-10-07 10:30:51.51,20,1131
594,773,54758,341,2020-12-25 00:00:00.000,20201225,00:00,2021-10-07 10:30:51.51,17,1240
595,756,53518,340,2020-12-24 00:00:00.000,20201224,00:00,2021-10-07 10:30:51.51,17,985
596,739,52533,339,2020-12-23 00:00:00.000,20201223,00:00,2021-10-07 10:30:51.51,17,1090
597,722,51443,338,2020-12-22 00:00:00.000,20201222,00:00,2021-10-07 10:30:51.51,24,866
598,698,50577,337,2020-12-21 00:00:00.000,20201221,00:00,2021-10-07 10:30:51.51,24,924
599,674,49653,336,2020-12-20 00:00:00.000,20201220,00:00,2021-10-07 10:30:51.51,15,1096
600,659,48557,335,2020-12-19 00:00:00.000,20201219,00:00,2021-10-07 10:30:51.51,14,1045
601,645,47512,334,2020-12-18 00:00:00.000,20201218,00:00,2021-10-07 10:30:51.51,11,1064
602,634,46448,333,2020-12-17 00:00:00.000,20201217,00:00,2021-10-07 10:30:51.51,22,1014
603,612,45434,332,2020-12-16 00:00:00.000,20201216,00:00,2021-10-07 10:30:51.51,12,1078
604,600,44356,331,2020-12-15 00:00:00.000,20201215,00:00,2021-10-07 10:30:51.51,13,880
605,587,43476,330,2020-12-14 00:00:00.000,20201214,00:00,2021-10-07 10:30:51.51,7,718
606,580,42758,329,2020-12-13 00:00:00.000,20201213,00:00,2021-10-07 10:30:51.51,2,1030
607,578,41728,328,2020-12-12 00:00:00.000,20201212,00:00,2021-10-07 10:30:51.51,6,950
608,572,40778,327,2020-12-11 00:00:00.000,20201211,00:00,2021-10-07 10:30:51.51,8,689
609,564,40089,326,2020-12-10 00:00:00.000,20201210,00:00,2021-10-07 10:30:51.51,8,680
610,556,39409,325,2020-12-09 00:00:00.000,20201209,00:00,2021-10-07 10:30:51.51,4,670
611,552,38739,324,2020-12-08 00:00:00.000,20201208,00:00,2021-10-07 10:30:51.51,3,587
612,549,38152,323,2020-12-07 00:00:00.000,20201207,00:00,2021-10-07 10:30:51.51,4,615
613,545,37537,322,2020-12-06 00:00:00.000,20201206,00:00,2021-10-07 10:30:51.51,5,631
614,540,36906,321,2020-12-05 00:00:00.000,20201205,00:00,2021-10-07 10:30:51.51,4,577
615,536,36329,320,2020-12-04 00:00:00.000,20201204,00:00,2021-10-07 10:30:51.51,7,628
616,529,35701,319,2020-12-03 00:00:00.000,20201203,00:00,2021-10-07 10:30:51.51,3,540
617,526,35161,318,2020-12-02 00:00:00.000,20201202,00:00,2021-10-07 10:30:51.51,0,511
618,526,34650,317,2020-12-01 00:00:00.000,20201201,00:00,2021-10-07 10:30:51.51,0,451
619,526,34199,316,2020-11-30 00:00:00.000,20201130,00:00,2021-10-07 10:30:51.51,3,438
620,523,33761,315,2020-11-29 00:00:00.000,20201129,00:00,2021-10-07 10:30:51.51,1,450
621,522,33311,314,2020-11-28 00:00:00.000,20201128,00:00,2021-10-07 10:30:51.51,6,503
622,516,32808,313,2020-11-27 00:00:00.000,20201127,00:00,2021-10-07 10:30:51.51,1,555
623,515,32253,312,2020-11-26 00:00:00.000,20201126,00:00,2021-10-07 10:30:51.51,2,581
624,513,31672,311,2020-11-25 00:00:00.000,20201125,00:00,2021-10-07 10:30:51.51,3,382
625,510,31290,310,2020-11-24 00:00:00.000,20201124,00:00,2021-10-07 10:30:51.51,1,349
626,509,30941,309,2020-11-23 00:00:00.000,20201123,00:00,2021-10-07 10:30:51.51,4,271
627,505,30670,308,2020-11-22 00:00:00.000,20201122,00:00,2021-10-07 10:30:51.51,2,330
628,503,30340,307,2020-11-21 00:00:00.000,20201121,00:00,2021-10-07 10:30:51.51,2,386
629,501,29954,306,2020-11-20 00:00:00.000,20201120,00:00,2021-10-07 10:30:51.51,3,348
630,498,29606,305,2020-11-19 00:00:00.000,20201119,00:00,2021-10-07 10:30:51.51,2,325
631,496,29281,304,2020-11-18 00:00:00.000,20201118,00:00,2021-10-07 10:30:51.51,2,285
632,494,28996,303,2020-11-17 00:00:00.000,20201117,00:00,2021-10-07 10:30:51.51,0,230
633,494,28766,302,2020-11-16 00:00:00.000,20201116,00:00,2021-10-07 10:30:51.51,1,222
634,493,28544,301,2020-11-15 00:00:00.000,20201115,00:00,2021-10-07 10:30:51.51,1,208
635,492,28336,300,2020-11-14 00:00:00.000,20201114,00:00,2021-10-07 10:30:51.51,4,205
636,488,28131,299,2020-11-13 00:00:00.000,20201113,00:00,2021-10-07 10:30:51.51,1,191
637,487,27940,298,2020-11-12 00:00:00.000,20201112,00:00,2021-10-07 10:30:51.51,0,143
638,487,27797,297,2020-11-11 00:00:00.000,20201111,00:00,2021-10-07 10:30:51.51,2,145
639,485,27652,296,2020-11-10 00:00:00.000,20201110,00:00,2021-10-07 10:30:51.51,5,100
640,480,27552,295,2020-11-09 00:00:00.000,20201109,00:00,2021-10-07 10:30:51.51,2,126
641,478,27426,294,2020-11-08 00:00:00.000,20201108,00:00,2021-10-07 10:30:51.51,1,143
642,477,27283,293,2020-11-07 00:00:00.000,20201107,00:00,2021-10-07 10:30:51.51,1,89
643,476,27194,292,2020-11-06 00:00:00.000,20201106,00:00,2021-10-07 10:30:51.51,1,145
644,475,27049,291,2020-11-05 00:00:00.000,20201105,00:00,2021-10-07 10:30:51.51,1,125
645,474,26924,290,2020-11-04 00:00:00.000,20201104,00:00,2021-10-07 10:30:51.51,2,117
646,472,26807,289,2020-11-03 00:00:00.000,20201103,00:00,2021-10-07 10:30:51.51,4,75
647,468,26732,288,2020-11-02 00:00:00.000,20201102,00:00,2021-10-07 10:30:51.51,2,97
648,466,26635,287,2020-11-01 00:00:00.000,20201101,00:00,2021-10-07 10:30:51.51,2,124
649,464,26511,286,2020-10-31 00:00:00.000,20201031,00:00,2021-10-07 10:30:51.51,1,127
650,463,26384,285,2020-10-30 00:00:00.000,20201030,00:00,2021-10-07 10:30:51.51,1,113
651,462,26271,284,2020-10-29 00:00:00.000,20201029,00:00,2021-10-07 10:30:51.51,1,125
652,461,26146,283,2020-10-28 00:00:00.000,20201028,00:00,2021-10-07 10:30:51.51,1,103
653,460,26043,282,2020-10-27 00:00:00.000,20201027,00:00,2021-10-07 10:30:51.51,3,88
654,457,25955,281,2020-10-26 00:00:00.000,20201026,00:00,2021-10-07 10:30:51.51,0,119
655,457,25836,280,2020-10-25 00:00:00.000,20201025,00:00,2021-10-07 10:30:51.51,0,61
656,457,25775,279,2020-10-24 00:00:00.000,20201024,00:00,2021-10-07 10:30:51.51,2,77
657,455,25698,278,2020-10-23 00:00:00.000,20201023,00:00,2021-10-07 10:30:51.51,2,155
658,453,25543,277,2020-10-22 00:00:00.000,20201022,00:00,2021-10-07 10:30:51.51,3,121
659,450,25422,276,2020-10-21 00:00:00.000,20201021,00:00,2021-10-07 10:30:51.51,3,89
660,447,25333,275,2020-10-20 00:00:00.000,20201020,00:00,2021-10-07 10:30:51.51,3,58
661,444,25275,274,2020-10-19 00:00:00.000,20201019,00:00,2021-10-07 10:30:51.51,0,76
662,444,25199,273,2020-10-18 00:00:00.000,20201018,00:00,2021-10-07 10:30:51.51,1,91
663,443,25108,272,2020-10-17 00:00:00.000,20201017,00:00,2021-10-07 10:30:51.51,2,73
664,441,25035,271,2020-10-16 00:00:00.000,20201016,00:00,2021-10-07 10:30:51.51,2,47
665,439,24988,270,2020-10-15 00:00:00.000,20201015,00:00,2021-10-07 10:30:51.51,1,110
666,438,24878,269,2020-10-14 00:00:00.000,20201014,00:00,2021-10-07 10:30:51.51,4,84
667,434,24794,268,2020-10-13 00:00:00.000,20201013,00:00,2021-10-07 10:30:51.51,1,91
668,433,24703,267,2020-10-12 00:00:00.000,20201012,00:00,2021-10-07 10:30:51.51,1,98
669,432,24605,266,2020-10-11 00:00:00.000,20201011,00:00,2021-10-07 10:30:51.51,2,58
670,430,24547,265,2020-10-10 00:00:00.000,20201010,00:00,2021-10-07 10:30:51.51,2,72
671,428,24475,264,2020-10-09 00:00:00.000,20201009,00:00,2021-10-07 10:30:51.51,1,54
672,427,24421,263,2020-10-08 00:00:00.000,20201008,00:00,2021-10-07 10:30:51.51,2,69
673,425,24352,262,2020-10-07 00:00:00.000,20201007,00:00,2021-10-07 10:30:51.51,3,114
674,422,24238,261,2020-10-06 00:00:00.000,20201006,00:00,2021-10-07 10:30:51.51,0,75
675,422,24163,260,2020-10-05 00:00:00.000,20201005,00:00,2021-10-07 10:30:51.51,1,73
676,421,24090,259,2020-10-04 00:00:00.000,20201004,00:00,2021-10-07 10:30:51.51,1,64
677,420,24026,258,2020-10-03 00:00:00.000,20201003,00:00,2021-10-07 10:30:51.51,4,75
678,416,23951,257,2020-10-02 00:00:00.000,20201002,00:00,2021-10-07 10:30:51.51,1,63
679,415,23888,256,2020-10-01 00:00:00.000,20201001,00:00,2021-10-07 10:30:51.51,2,77
680,413,23811,255,2020-09-30 00:00:00.000,20200930,00:00,2021-10-07 10:30:51.51,6,113
681,407,23698,254,2020-09-29 00:00:00.000,20200929,00:00,2021-10-07 10:30:51.51,1,38
682,406,23660,253,2020-09-28 00:00:00.000,20200928,00:00,2021-10-07 10:30:51.51,5,50
683,401,23610,252,2020-09-27 00:00:00.000,20200927,00:00,2021-10-07 10:30:51.51,2,95
684,399,23515,251,2020-09-26 00:00:00.000,20200926,00:00,2021-10-07 10:30:51.51,4,61
685,395,23454,250,2020-09-25 00:00:00.000,20200925,00:00,2021-10-07 10:30:51.51,2,114
686,393,23340,249,2020-09-24 00:00:00.000,20200924,00:00,2021-10-07 10:30:51.51,5,125
687,388,23215,248,2020-09-23 00:00:00.000,20200923,00:00,2021-10-07 10:30:51.51,0,110
688,388,23105,247,2020-09-22 00:00:00.000,20200922,00:00,2021-10-07 10:30:51.51,3,61
689,385,23044,246,2020-09-21 00:00:00.000,20200921,00:00,2021-10-07 10:30:51.51,2,70
690,383,22974,245,2020-09-20 00:00:00.000,20200920,00:00,2021-10-07 10:30:51.51,5,82
691,378,22892,244,2020-09-19 00:00:00.000,20200919,00:00,2021-10-07 10:30:51.51,1,110
692,377,22782,243,2020-09-18 00:00:00.000,20200918,00:00,2021-10-07 10:30:51.51,5,126
693,372,22656,242,2020-09-17 00:00:00.000,20200917,00:00,2021-10-07 10:30:51.51,5,153
694,367,22503,241,2020-09-16 00:00:00.000,20200916,00:00,2021-10-07 10:30:51.51,0,113
695,367,22390,240,2020-09-15 00:00:00.000,20200915,00:00,2021-10-07 10:30:51.51,4,106
696,363,22284,239,2020-09-14 00:00:00.000,20200914,00:00,2021-10-07 10:30:51.51,5,109
697,358,22175,238,2020-09-13 00:00:00.000,20200913,00:00,2021-10-07 10:30:51.51,3,121
698,355,22054,237,2020-09-12 00:00:00.000,20200912,00:00,2021-10-07 10:30:51.51,5,136
699,350,21918,236,2020-09-11 00:00:00.000,20200911,00:00,2021-10-07 10:30:51.51,4,176
700,346,21742,235,2020-09-10 00:00:00.000,20200910,00:00,2021-10-07 10:30:51.51,2,155
701,344,21587,234,2020-09-09 00:00:00.000,20200909,00:00,2021-10-07 10:30:51.51,3,156
702,341,21431,233,2020-09-08 00:00:00.000,20200908,00:00,2021-10-07 10:30:51.51,5,136
703,336,21295,232,2020-09-07 00:00:00.000,20200907,00:00,2021-10-07 10:30:51.51,2,119
704,334,21176,231,2020-09-06 00:00:00.000,20200906,00:00,2021-10-07 10:30:51.51,1,167
705,333,21009,230,2020-09-05 00:00:00.000,20200905,00:00,2021-10-07 10:30:51.51,2,168
706,331,20841,229,2020-09-04 00:00:00.000,20200904,00:00,2021-10-07 10:30:51.51,2,198
707,329,20643,228,2020-09-03 00:00:00.000,20200903,00:00,2021-10-07 10:30:51.51,3,195
708,326,20448,227,2020-09-02 00:00:00.000,20200902,00:00,2021-10-07 10:30:51.51,2,267
709,324,20181,226,2020-09-01 00:00:00.000,20200901,00:00,2021-10-07 10:30:51.51,0,235
710,324,19946,225,2020-08-31 00:00:00.000,20200831,00:00,2021-10-07 10:30:51.51,1,248
711,323,19698,224,2020-08-30 00:00:00.000,20200830,00:00,2021-10-07 10:30:51.51,2,299
712,321,19399,223,2020-08-29 00:00:00.000,20200829,00:00,2021-10-07 10:30:51.51,5,323
713,316,19076,222,2020-08-28 00:00:00.000,20200828,00:00,2021-10-07 10:30:51.51,3,371
714,313,18705,221,2020-08-27 00:00:00.000,20200827,00:00,2021-10-07 10:30:51.51,1,441
715,312,18264,220,2020-08-26 00:00:00.000,20200826,00:00,2021-10-07 10:30:51.51,2,320
716,310,17944,219,2020-08-25 00:00:00.000,20200825,00:00,2021-10-07 10:30:51.51,1,280
717,309,17664,218,2020-08-24 00:00:00.000,20200824,00:00,2021-10-07 10:30:51.51,0,266
718,309,17398,217,2020-08-23 00:00:00.000,20200823,00:00,2021-10-07 10:30:51.51,0,396
719,309,17002,216,2020-08-22 00:00:00.000,20200822,00:00,2021-10-07 10:30:51.51,0,332
720,309,16670,215,2020-08-21 00:00:00.000,20200821,00:00,2021-10-07 10:30:51.51,2,324
721,307,16346,214,2020-08-20 00:00:00.000,20200820,00:00,2021-10-07 10:30:51.51,1,288
722,306,16058,213,2020-08-19 00:00:00.000,20200819,00:00,2021-10-07 10:30:51.51,0,297
723,306,15761,212,2020-08-18 00:00:00.000,20200818,00:00,2021-10-07 10:30:51.51,1,246
724,305,15515,211,2020-08-17 00:00:00.000,20200817,00:00,2021-10-07 10:30:51.51,0,197
725,305,15318,210,2020-08-16 00:00:00.000,20200816,00:00,2021-10-07 10:30:51.51,0,279
726,305,15039,209,2020-08-15 00:00:00.000,20200815,00:00,2021-10-07 10:30:51.51,0,166
727,305,14873,208,2020-08-14 00:00:00.000,20200814,00:00,2021-10-07 10:30:51.51,0,103
728,305,14770,207,2020-08-13 00:00:00.000,20200813,00:00,2021-10-07 10:30:51.51,0,56
729,305,14714,206,2020-08-12 00:00:00.000,20200812,00:00,2021-10-07 10:30:51.51,0,54
730,305,14660,205,2020-08-11 00:00:00.000,20200811,00:00,2021-10-07 10:30:51.51,0,34
731,305,14626,204,2020-08-10 00:00:00.000,20200810,00:00,2021-10-07 10:30:51.51,0,28
732,305,14598,203,2020-08-09 00:00:00.000,20200809,00:00,2021-10-07 10:30:51.51,1,36
733,304,14562,202,2020-08-08 00:00:00.000,20200808,00:00,2021-10-07 10:30:51.51,1,43
734,303,14519,201,2020-08-07 00:00:00.000,20200807,00:00,2021-10-07 10:30:51.51,1,20
735,302,14499,200,2020-08-06 00:00:00.000,20200806,00:00,2021-10-07 10:30:51.51,0,43
736,302,14456,199,2020-08-05 00:00:00.000,20200805,00:00,2021-10-07 10:30:51.51,1,33
737,301,14423,198,2020-08-04 00:00:00.000,20200804,00:00,2021-10-07 10:30:51.51,0,34
738,301,14389,197,2020-08-03 00:00:00.000,20200803,00:00,2021-10-07 10:30:51.51,0,23
739,301,14366,196,2020-08-02 00:00:00.000,20200802,00:00,2021-10-07 10:30:51.51,0,30
740,301,14336,195,2020-08-01 00:00:00.000,20200801,00:00,2021-10-07 10:30:51.51,0,31
741,301,14305,194,2020-07-31 00:00:00.000,20200731,00:00,2021-10-07 10:30:51.51,1,36
742,300,14269,193,2020-07-30 00:00:00.000,20200730,00:00,2021-10-07 10:30:51.51,0,18
743,300,14251,192,2020-07-29 00:00:00.000,20200729,00:00,2021-10-07 10:30:51.51,0,48
744,300,14203,191,2020-07-28 00:00:00.000,20200728,00:00,2021-10-07 10:30:51.51,1,28
745,299,14175,190,2020-07-27 00:00:00.000,20200727,00:00,2021-10-07 10:30:51.51,1,25
746,298,14150,189,2020-07-26 00:00:00.000,20200726,00:00,2021-10-07 10:30:51.51,0,58
747,298,14092,188,2020-07-25 00:00:00.000,20200725,00:00,2021-10-07 10:30:51.51,0,113
748,298,13979,187,2020-07-24 00:00:00.000,20200724,00:00,2021-10-07 10:30:51.51,1,41
749,297,13938,186,2020-07-23 00:00:00.000,20200723,00:00,2021-10-07 10:30:51.51,0,59
750,297,13879,185,2020-07-22 00:00:00.000,20200722,00:00,2021-10-07 10:30:51.51,1,63
751,296,13816,184,2020-07-21 00:00:00.000,20200721,00:00,2021-10-07 10:30:51.51,0,45
752,296,13771,183,2020-07-20 00:00:00.000,20200720,00:00,2021-10-07 10:30:51.51,1,26
753,295,13745,182,2020-07-19 00:00:00.000,20200719,00:00,2021-10-07 10:30:51.51,1,34
754,294,13711,181,2020-07-18 00:00:00.000,20200718,00:00,2021-10-07 10:30:51.51,1,39
755,293,13672,180,2020-07-17 00:00:00.000,20200717,00:00,2021-10-07 10:30:51.51,2,60
756,291,13612,179,2020-07-16 00:00:00.000,20200716,00:00,2021-10-07 10:30:51.51,2,61
757,289,13551,178,2020-07-15 00:00:00.000,20200715,00:00,2021-10-07 10:30:51.51,0,39
758,289,13512,177,2020-07-14 00:00:00.000,20200714,00:00,2021-10-07 10:30:51.51,0,33
759,289,13479,176,2020-07-13 00:00:00.000,20200713,00:00,2021-10-07 10:30:51.51,0,62
760,289,13417,175,2020-07-12 00:00:00.000,20200712,00:00,2021-10-07 10:30:51.51,1,44
761,288,13373,174,2020-07-11 00:00:00.000,20200711,00:00,2021-10-07 10:30:51.51,0,35
762,288,13338,173,2020-07-10 00:00:00.000,20200710,00:00,2021-10-07 10:30:51.51,1,45
763,287,13293,172,2020-07-09 00:00:00.000,20200709,00:00,2021-10-07 10:30:51.51,2,50
764,285,13243,171,2020-07-08 00:00:00.000,20200708,00:00,2021-10-07 10:30:51.51,0,62
765,285,13181,170,2020-07-07 00:00:00.000,20200707,00:00,2021-10-07 10:30:51.51,1,44
766,284,13137,169,2020-07-06 00:00:00.000,20200706,00:00,2021-10-07 10:30:51.51,1,48
767,283,13089,168,2020-07-05 00:00:00.000,20200705,00:00,2021-10-07 10:30:51.51,0,61
768,283,13028,167,2020-07-04 00:00:00.000,20200704,00:00,2021-10-07 10:30:51.51,1,63
769,282,12965,166,2020-07-03 00:00:00.000,20200703,00:00,2021-10-07 10:30:51.51,0,61
770,282,12904,165,2020-07-02 00:00:00.000,20200702,00:00,2021-10-07 10:30:51.51,0,54
771,282,12850,164,2020-07-01 00:00:00.000,20200701,00:00,2021-10-07 10:30:51.51,0,51
772,282,12799,163,2020-06-30 00:00:00.000,20200630,00:00,2021-10-07 10:30:51.51,0,42
773,282,12757,162,2020-06-29 00:00:00.000,20200629,00:00,2021-10-07 10:30:51.51,0,42
774,282,12715,161,2020-06-28 00:00:00.000,20200628,00:00,2021-10-07 10:30:51.51,0,62
775,282,12653,160,2020-06-27 00:00:00.000,20200627,00:00,2021-10-07 10:30:51.51,0,51
776,282,12602,159,2020-06-26 00:00:00.000,20200626,00:00,2021-10-07 10:30:51.51,0,39
777,282,12563,158,2020-06-25 00:00:00.000,20200625,00:00,2021-10-07 10:30:51.51,1,28
778,281,12535,157,2020-06-24 00:00:00.000,20200624,00:00,2021-10-07 10:30:51.51,0,51
779,281,12484,156,2020-06-23 00:00:00.000,20200623,00:00,2021-10-07 10:30:51.51,1,46
780,280,12438,155,2020-06-22 00:00:00.000,20200622,00:00,2021-10-07 10:30:51.51,0,17
781,280,12421,154,2020-06-21 00:00:00.000,20200621,00:00,2021-10-07 10:30:51.51,0,48
782,280,12373,153,2020-06-20 00:00:00.000,20200620,00:00,2021-10-07 10:30:51.51,0,67
783,280,12306,152,2020-06-19 00:00:00.000,20200619,00:00,2021-10-07 10:30:51.51,0,49
784,280,12257,151,2020-06-18 00:00:00.000,20200618,00:00,2021-10-07 10:30:51.51,1,59
785,279,12198,150,2020-06-17 00:00:00.000,20200617,00:00,2021-10-07 10:30:51.51,1,43
786,278,12155,149,2020-06-16 00:00:00.000,20200616,00:00,2021-10-07 10:30:51.51,1,34
787,277,12121,148,2020-06-15 00:00:00.000,20200615,00:00,2021-10-07 10:30:51.51,0,37
788,277,12084,147,2020-06-14 00:00:00.000,20200614,00:00,2021-10-07 10:30:51.51,0,34
789,277,12050,146,2020-06-13 00:00:00.000,20200613,00:00,2021-10-07 10:30:51.51,0,48
790,277,12002,145,2020-06-12 00:00:00.000,20200612,00:00,2021-10-07 10:30:51.51,1,56
791,276,11946,144,2020-06-11 00:00:00.000,20200611,00:00,2021-10-07 10:30:51.51,0,45
792,276,11901,143,2020-06-10 00:00:00.000,20200610,00:00,2021-10-07 10:30:51.51,2,50
793,274,11851,142,2020-06-09 00:00:00.000,20200609,00:00,2021-10-07 10:30:51.51,1,38
794,273,11813,141,2020-06-08 00:00:00.000,20200608,00:00,2021-10-07 10:30:51.51,0,37
795,273,11776,140,2020-06-07 00:00:00.000,20200607,00:00,2021-10-07 10:30:51.51,0,57
796,273,11719,139,2020-06-06 00:00:00.000,20200606,00:00,2021-10-07 10:30:51.51,0,51
797,273,11668,138,2020-06-05 00:00:00.000,20200605,00:00,2021-10-07 10:30:51.51,0,39
798,273,11629,137,2020-06-04 00:00:00.000,20200604,00:00,2021-10-07 10:30:51.51,0,39
799,273,11590,136,2020-06-03 00:00:00.000,20200603,00:00,2021-10-07 10:30:51.51,1,49
800,272,11541,135,2020-06-02 00:00:00.000,20200602,00:00,2021-10-07 10:30:51.51,1,38
801,271,11503,134,2020-06-01 00:00:00.000,20200601,00:00,2021-10-07 10:30:51.51,1,35
802,270,11468,133,2020-05-31 00:00:00.000,20200531,00:00,2021-10-07 10:30:51.51,1,27
803,269,11441,132,2020-05-30 00:00:00.000,20200530,00:00,2021-10-07 10:30:51.51,0,39
804,269,11402,131,2020-05-29 00:00:00.000,20200529,00:00,2021-10-07 10:30:51.51,0,58
805,269,11344,130,2020-05-28 00:00:00.000,20200528,00:00,2021-10-07 10:30:51.51,0,79
806,269,11265,129,2020-05-27 00:00:00.000,20200527,00:00,2021-10-07 10:30:51.51,0,40
807,269,11225,128,2020-05-26 00:00:00.000,20200526,00:00,2021-10-07 10:30:51.51,2,19
808,267,11206,127,2020-05-25 00:00:00.000,20200525,00:00,2021-10-07 10:30:51.51,1,16
809,266,11190,126,2020-05-24 00:00:00.000,20200524,00:00,2021-10-07 10:30:51.51,0,25
810,266,11165,125,2020-05-23 00:00:00.000,20200523,00:00,2021-10-07 10:30:51.51,2,23
811,264,11142,124,2020-05-22 00:00:00.000,20200522,00:00,2021-10-07 10:30:51.51,0,20
812,264,11122,123,2020-05-21 00:00:00.000,20200521,00:00,2021-10-07 10:30:51.51,1,12
813,263,11110,122,2020-05-20 00:00:00.000,20200520,00:00,2021-10-07 10:30:51.51,0,32
814,263,11078,121,2020-05-19 00:00:00.000,20200519,00:00,2021-10-07 10:30:51.51,0,13
815,263,11065,120,2020-05-18 00:00:00.000,20200518,00:00,2021-10-07 10:30:51.51,1,15
816,262,11050,119,2020-05-17 00:00:00.000,20200517,00:00,2021-10-07 10:30:51.51,0,13
817,262,11037,118,2020-05-16 00:00:00.000,20200516,00:00,2021-10-07 10:30:51.51,2,19
818,260,11018,117,2020-05-15 00:00:00.000,20200515,00:00,2021-10-07 10:30:51.51,1,56
819,259,10962,115,2020-05-13 00:00:00.000,20200513,00:00,2021-10-07 10:30:51.51,1,26
820,258,10936,114,2020-05-12 00:00:00.000,20200512,00:00,2021-10-07 10:30:51.51,2,27
821,256,10909,113,2020-05-11 00:00:00.000,20200511,00:00,2021-10-07 10:30:51.51,0,35
822,256,10874,112,2020-05-10 00:00:00.000,20200510,00:00,2021-10-07 10:30:51.51,0,34
823,256,10840,111,2020-05-09 00:00:00.000,20200509,00:00,2021-10-07 10:30:51.51,0,18
824,256,10822,110,2020-05-08 00:00:00.000,20200508,00:00,2021-10-07 10:30:51.51,0,12
825,256,10810,109,2020-05-07 00:00:00.000,20200507,00:00,2021-10-07 10:30:51.51,1,4
826,255,10806,108,2020-05-06 00:00:00.000,20200506,00:00,2021-10-07 10:30:51.51,1,2
827,254,10804,107,2020-05-05 00:00:00.000,20200505,00:00,2021-10-07 10:30:51.51,2,3
828,252,10801,106,2020-05-04 00:00:00.000,20200504,00:00,2021-10-07 10:30:51.51,2,8
829,250,10793,105,2020-05-03 00:00:00.000,20200503,00:00,2021-10-07 10:30:51.51,0,13
830,250,10780,104,2020-05-02 00:00:00.000,20200502,00:00,2021-10-07 10:30:51.51,2,6
831,248,10774,103,2020-05-01 00:00:00.000,20200501,00:00,2021-10-07 10:30:51.51,1,9
832,247,10765,102,2020-04-30 00:00:00.000,20200430,00:00,2021-10-07 10:30:51.51,1,4
833,246,10761,101,2020-04-29 00:00:00.000,20200429,00:00,2021-10-07 10:30:51.51,2,9
834,244,10752,100,2020-04-28 00:00:00.000,20200428,00:00,2021-10-07 10:30:51.51,1,14
835,243,10738,99,2020-04-27 00:00:00.000,20200427,00:00,2021-10-07 10:30:51.51,1,10
836,242,10728,98,2020-04-26 00:00:00.000,20200426,00:00,2021-10-07 10:30:51.51,2,10
837,240,10718,97,2020-04-25 00:00:00.000,20200425,00:00,2021-10-07 10:30:51.51,0,10
838,240,10708,96,2020-04-24 00:00:00.000,20200424,00:00,2021-10-07 10:30:51.51,0,6
839,240,10702,95,2020-04-23 00:00:00.000,20200423,00:00,2021-10-07 10:30:51.51,2,8
840,238,10694,94,2020-04-22 00:00:00.000,20200422,00:00,2021-10-07 10:30:51.51,1,11
841,237,10683,93,2020-04-21 00:00:00.000,20200421,00:00,2021-10-07 10:30:51.51,1,9
842,236,10674,92,2020-04-20 00:00:00.000,20200420,00:00,2021-10-07 10:30:51.51,2,13
843,234,10661,91,2020-04-19 00:00:00.000,20200419,00:00,2021-10-07 10:30:51.51,2,8
844,232,10653,90,2020-04-18 00:00:00.000,20200418,00:00,2021-10-07 10:30:51.51,2,18
845,230,10635,89,2020-04-17 00:00:00.000,20200417,00:00,2021-10-07 10:30:51.51,1,22
846,229,10613,88,2020-04-16 00:00:00.000,20200416,00:00,2021-10-07 10:30:51.51,4,22
847,225,10591,87,2020-04-15 00:00:00.000,20200415,00:00,2021-10-07 10:30:51.51,3,27
848,222,10564,86,2020-04-14 00:00:00.000,20200414,00:00,2021-10-07 10:30:51.51,5,27
849,217,10537,85,2020-04-13 00:00:00.000,20200413,00:00,2021-10-07 10:30:51.51,3,25
850,214,10512,84,2020-04-12 00:00:00.000,20200412,00:00,2021-10-07 10:30:51.51,3,32
851,211,10480,83,2020-04-11 00:00:00.000,20200411,00:00,2021-10-07 10:30:51.51,3,30
852,208,10450,82,2020-04-10 00:00:00.000,20200410,00:00,2021-10-07 10:30:51.51,4,27
853,204,10423,81,2020-04-09 00:00:00.000,20200409,00:00,2021-10-07 10:30:51.51,4,39
854,200,10384,80,2020-04-08 00:00:00.000,20200408,00:00,2021-10-07 10:30:51.51,8,53
855,192,10331,79,2020-04-07 00:00:00.000,20200407,00:00,2021-10-07 10:30:51.51,6,47
856,186,10284,78,2020-04-06 00:00:00.000,20200406,00:00,2021-10-07 10:30:51.51,3,47
857,183,10237,77,2020-04-05 00:00:00.000,20200405,00:00,2021-10-07 10:30:51.51,6,81
858,177,10156,76,2020-04-04 00:00:00.000,20200404,00:00,2021-10-07 10:30:51.51,3,94
859,174,10062,75,2020-04-03 00:00:00.000,20200403,00:00,2021-10-07 10:30:51.51,5,86
860,169,9976,74,2020-04-02 00:00:00.000,20200402,00:00,2021-10-07 10:30:51.51,4,89
861,165,9887,73,2020-04-01 00:00:00.000,20200401,00:00,2021-10-07 10:30:51.51,3,101
862,162,9786,72,2020-03-31 00:00:00.000,20200331,00:00,2021-10-07 10:30:51.51,4,125
863,158,9661,71,2020-03-30 00:00:00.000,20200330,00:00,2021-10-07 10:30:51.51,6,78
864,152,9583,70,2020-03-29 00:00:00.000,20200329,00:00,2021-10-07 10:30:51.51,8,105
865,144,9478,69,2020-03-28 00:00:00.000,20200328,00:00,2021-10-07 10:30:51.51,5,146
866,139,9332,68,2020-03-27 00:00:00.000,20200327,00:00,2021-10-07 10:30:51.51,8,91
867,131,9241,67,2020-03-26 00:00:00.000,20200326,00:00,2021-10-07 10:30:51.51,5,104
868,126,9137,66,2020-03-25 00:00:00.000,20200325,00:00,2021-10-07 10:30:51.51,6,100
869,120,9037,65,2020-03-24 00:00:00.000,20200324,00:00,2021-10-07 10:30:51.51,9,76
870,111,8961,64,2020-03-23 00:00:00.000,20200323,00:00,2021-10-07 10:30:51.51,7,64
871,104,8897,63,2020-03-22 00:00:00.000,20200322,00:00,2021-10-07 10:30:51.51,2,98
872,102,8799,62,2020-03-21 00:00:00.000,20200321,00:00,2021-10-07 10:30:51.51,8,147
873,94,8652,61,2020-03-20 00:00:00.000,20200320,00:00,2021-10-07 10:30:51.51,3,87
874,91,8565,60,2020-03-19 00:00:00.000,20200319,00:00,2021-10-07 10:30:51.51,7,152
875,84,8413,59,2020-03-18 00:00:00.000,20200318,00:00,2021-10-07 10:30:51.51,3,93
876,81,8320,58,2020-03-17 00:00:00.000,20200317,00:00,2021-10-07 10:30:51.51,6,84
877,75,8236,57,2020-03-16 00:00:00.000,20200316,00:00,2021-10-07 10:30:51.51,0,74
878,75,8162,56,2020-03-15 00:00:00.000,20200315,00:00,2021-10-07 10:30:51.51,3,76
879,72,8086,55,2020-03-14 00:00:00.000,20200314,00:00,2021-10-07 10:30:51.51,5,107
880,67,7979,54,2020-03-13 00:00:00.000,20200313,00:00,2021-10-07 10:30:51.51,1,110
881,66,7869,53,2020-03-12 00:00:00.000,20200312,00:00,2021-10-07 10:30:51.51,6,114
882,60,7755,52,2020-03-11 00:00:00.000,20200311,00:00,2021-10-07 10:30:51.51,6,242
883,54,7513,51,2020-03-10 00:00:00.000,20200310,00:00,2021-10-07 10:30:51.51,3,131
884,51,7382,50,2020-03-09 00:00:00.000,20200309,00:00,2021-10-07 10:30:51.51,1,248
885,50,7134,49,2020-03-08 00:00:00.000,20200308,00:00,2021-10-07 10:30:51.51,6,367
886,44,6767,48,2020-03-07 00:00:00.000,20200307,00:00,2021-10-07 10:30:51.51,2,483
887,42,6284,47,2020-03-06 00:00:00.000,20200306,00:00,2021-10-07 10:30:51.51,7,518
888,35,5766,46,2020-03-05 00:00:00.000,20200305,00:00,2021-10-07 10:30:51.51,3,438
889,32,5328,45,2020-03-04 00:00:00.000,20200304,00:00,2021-10-07 10:30:51.51,4,516
890,28,4812,44,2020-03-03 00:00:00.000,20200303,00:00,2021-10-07 10:30:51.51,5,600
891,23,4212,43,2020-03-02 00:00:00.000,20200302,00:00,2021-10-07 10:30:51.51,6,686
892,17,3526,42,2020-03-01 00:00:00.000,20200301,00:00,2021-10-07 10:30:51.51,1,595
893,16,2931,41,2020-02-29 00:00:00.000,20200229,00:00,2021-10-07 10:30:51.51,3,909
894,13,2022,40,2020-02-28 00:00:00.000,20200228,00:00,2021-10-07 10:30:51.51,1,427
895,12,1595,39,2020-02-27 00:00:00.000,20200227,00:00,2021-10-07 10:30:51.51,1,449
896,11,1146,38,2020-02-26 00:00:00.000,20200226,00:00,2021-10-07 10:30:51.51,3,253
897,8,893,37,2020-02-25 00:00:00.000,20200225,00:00,2021-10-07 10:30:51.51,1,130
898,7,763,36,2020-02-24 16:00:00.000,20200224,16:00,2021-10-07 10:30:51.51,4,207
899,3,556,35,2020-02-23 16:00:00.000,20200223,16:00,2021-10-07 10:30:51.51,0,210
900,3,346,34,2020-02-22 16:00:00.000,20200222,16:00,2021-10-07 10:30:51.51,2,190
901,1,156,33,2020-02-21 16:00:00.000,20200221,16:00,2021-10-07 10:30:51.51,0,74
902,1,82,32,2020-02-20 16:00:00.000,20200220,16:00,2021-10-07 10:30:51.51,1,16
903,0,66,31,2020-02-19 16:00:00.000,20200219,16:00,2021-10-07 10:30:51.51,0,34
904,0,32,30,2020-02-18 16:00:00.000,20200218,16:00,2021-10-07 10:30:51.51,0,2
905,0,30,29,2020-02-17 16:00:00.000,20200217,16:00,2021-10-07 10:30:51.51,0,0
906,0,30,28,2020-02-16 16:00:00.000,20200216,16:00,2021-10-07 10:30:51.51,0,2
907,0,28,27,2020-02-15 16:00:00.000,20200215,16:00,2021-10-07 10:30:51.51,0,0
908,0,28,26,2020-02-14 16:00:00.000,20200214,16:00,2021-10-07 10:30:51.51,0,0
909,0,28,25,2020-02-13 16:00:00.000,20200213,16:00,2021-10-07 10:30:51.51,0,0
910,0,28,24,2020-02-12 16:00:00.000,20200212,16:00,2021-10-07 10:30:51.51,0,0
911,0,28,23,2020-02-11 16:00:00.000,20200211,16:00,2021-10-07 10:30:51.51,0,0
912,0,28,22,2020-02-10 16:00:00.000,20200210,16:00,2021-10-07 10:30:51.51,0,1
913,0,27,21,2020-02-09 16:00:00.000,20200209,16:00,2021-10-07 10:30:51.51,0,3
914,0,24,20,2020-02-08 16:00:00.000,20200208,16:00,2021-10-07 10:30:51.51,0,0
915,0,24,19,2020-02-07 16:00:00.000,20200207,16:00,2021-10-07 10:30:51.51,0,0
916,0,24,18,2020-02-06 09:00:00.000,20200206,09:00,2021-10-07 10:30:51.51,0,3
917,0,21,17,2020-02-05 19:00:00.000,20200205,19:00,2021-10-07 10:30:51.51,0,5
918,0,16,16,2020-02-04 00:00:00.000,20200204,00:00,2021-10-07 10:30:51.51,0,1
919,0,15,15,2020-02-03 00:00:00.000,20200203,00:00,2021-10-07 10:30:51.51,0,0
920,0,15,14,2020-02-02 00:00:00.000,20200202,00:00,2021-10-07 10:30:51.51,0,3
921,0,12,13,2020-02-01 00:00:00.000,20200201,00:00,2021-10-07 10:30:51.51,0,1
922,0,11,12,2020-01-31 00:00:00.000,20200131,00:00,2021-10-07 10:30:51.51,0,4
923,0,7,11,2020-01-30 00:00:00.000,20200130,00:00,2021-10-07 10:30:51.51,0,3
924,0,4,10,2020-01-29 00:00:00.000,20200129,00:00,2021-10-07 10:30:51.51,0,0
925,0,4,9,2020-01-28 00:00:00.000,20200128,00:00,2021-10-07 10:30:51.51,0,0
926,0,4,8,2020-01-27 10:00:00.000,20200127,10:00,2021-10-07 10:30:51.51,0,1
927,0,3,7,2020-01-26 09:00:00.000,20200126,09:00,2021-10-07 10:30:51.51,0,1
928,0,2,6,2020-01-25 00:00:00.000,20200125,00:00,2021-10-07 10:30:51.51,0,0
929,0,2,5,2020-01-24 00:00:00.000,20200124,00:00,2021-10-07 10:30:51.51,0,1
930,0,1,4,2020-01-23 09:00:00.000,20200123,09:00,2021-10-07 10:30:51.51,0,0
931,0,1,3,2020-01-22 12:00:00.000,20200122,12:00,2021-10-07 10:30:51.51,0,0
